PID,GROUP,DURATION,PRE_K1,PRE_K2,PRE_C1,PRE_C2,PRE_C3,PRE_C4,PRE_C5,PRE_X1,PRE_M1,PRE_M2,PRE_M3,PRE_HT_H4,PRE_HT_H6,PRE_HT_H2,PRE_HT_H3,PRE_HT_H1,PRE_HE_H3,PRE_HE_H5,PRE_HE_H7,PRE_HE_H2,PRE_HE_H1,PRE_HH_H8,PRE_HH_H1,PRE_HH_H4,PRE_HH_H2,PRE_HH_H3,PRE_HG_H2,PRE_HG_H5,PRE_HG_H4,PRE_HG_H3,PRE_HG_H1,FIRST_CLICK,LAST_CLICK,SUBMIT,POST_K1,POST_K2,POST_C1,POST_C2,POST_C3,POST_C4,POST_C5,POST_X1,POST_M1,POST_M2,POST_M3,COMMITMENT,POST_HT_H4,POST_HT_H6,POST_HT_H2,POST_HT_H3,POST_HT_H1,POST_HE_H3,POST_HE_H5,POST_HE_H7,POST_HE_H2,POST_HE_H1,POST_HH_H8,POST_HH_H1,POST_HH_H4,POST_HH_H2,POST_HH_H3,POST_HG_H2,POST_HG_H5,POST_HG_H4,POST_HG_H3,POST_HG_H1,V1,V2,V5,V3,V4,ACCESS,COMMENTS
2d5c1ed5-6c5b-f111-8fcb-0022486d65a5,CONTROL_E,276,Basic knowledge,Basic knowledge,Disagree,Neutral,Agree,Neutral,Neutral,Disagree,Agree,Agree,Neutral,,,,,,Probably false,Probably true,Definitely true,Probably false,Definitely false,,,,,,,,,,,4.235,4.235,36.787,Basic knowledge,Basic knowledge,Disagree,Neutral,Agree,Neutral,Neutral,Disagree,Agree,Agree,Neutral,within the year,,,,,,Probably false,Probably true,Definitely true,Probably false,Definitely false,,,,,,,,,,,Satisfied,Satisfied,Extremely,,,No,
c9cba06e-6c5b-f111-8fcb-0022486d65a5,CONTROL_E,1088,Intermediate knowledge,Intermediate knowledge,Neutral,Agree,Agree,Strongly Agree,Strongly Agree,Disagree,Agree,Agree,Agree,,,,,,Definitely true,Probably true,Definitely true,Probably true,Probably true,,,,,,,,,,,7.009,7.009,261.674,Intermediate knowledge,Intermediate knowledge,Neutral,Agree,Agree,Strongly Agree,Strongly Agree,Disagree,Agree,Agree,Agree,within the year,,,,,,Definitely true,Probably true,Definitely true,Probably false,Neither true nor false,,,,,,,,,,,Satisfied,Very satisfied,Moderately,,,Yes,the info graphic was a bit too full of info in one place.
1ccda06e-6c5b-f111-8fcb-0022486d65a5,CONTROL_E,1247,Little to no knowledge,Little to no knowledge,Agree,Agree,Agree,I don't know,I don't know,Neutral,Neutral,Neutral,Neutral,,,,,,Probably true,Neither true nor false,Definitely true,Probably true,Probably true,,,,,,,,,,,31.283,31.283,329.03,Basic knowledge,Basic knowledge,Agree,Agree,Agree,Neutral,Neutral,I don't know,Agree,Neutral,Neutral,I am not interested in learning AI,,,,,,I don't know,Neither true nor false,Definitely true,Probably true,Probably true,,,,,,,,,,,Satisfied,Satisfied,Moderately,,,No,
3a57a062-6c5b-f111-8fcb-0022486d65a5,CONTROL_E,308,Advanced knowledge,Advanced knowledge,Strongly disagree,Strongly Agree,Strongly Agree,Strongly Agree,Strongly Agree,Disagree,Strongly Agree,Strongly Agree,Neutral,,,,,,Probably true,Definitely false,Definitely true,Definitely false,Probably false,,,,,,,,,,,2.489,105.941,121.163,Advanced knowledge,Advanced knowledge,Strongly disagree,Strongly Agree,Strongly Agree,Strongly Agree,Strongly Agree,Neutral,Strongly Agree,Strongly Agree,Neutral,within this week,,,,,,Probably true,Probably false,Definitely true,Definitely false,Probably false,,,,,,,,,,,Satisfied,Satisfied,Slightly,,,No,
1049a068-6c5b-f111-8fcb-0022486d65a5,CONTROL_E,334,Intermediate knowledge,Advanced knowledge,Agree,Neutral,Strongly Agree,Agree,Strongly Agree,Agree,Neutral,Agree,Agree,,,,,,Probably true,Definitely true,Probably true,Neither true nor false,Probably true,,,,,,,,,,,1.53,1.53,215.252,Intermediate knowledge,Advanced knowledge,Strongly Agree,Agree,Strongly Agree,Strongly Agree,Agree,Agree,Agree,Neutral,Agree,I am already learning AI,,,,,,Probably true,Neither true nor false,Definitely true,Probably true,Neither true nor false,,,,,,,,,,,Satisfied,Neutral,Very,,,No,i don't know
f84b13bd-fe5d-f111-8fcb-0022486d65a5,CONTROL_E,975,Basic knowledge,Advanced knowledge,Strongly Agree,Neutral,Neutral,Agree,Strongly disagree,Neutral,Strongly Agree,Strongly Agree,Strongly Agree,,,,,,Definitely true,Definitely true,Definitely true,Definitely true,Definitely true,,,,,,,,,,,26.654,26.654,164.551,Basic knowledge,Intermediate knowledge,Strongly Agree,Neutral,Agree,Agree,Disagree,Neutral,Strongly Agree,Strongly Agree,Strongly Agree,I am already learning AI,,,,,,Definitely true,Definitely true,Definitely true,Definitely true,Definitely true,,,,,,,,,,,Very satisfied,Very satisfied,Extremely,,,Yes,NONE
254d13bd-fe5d-f111-8fcb-0022486d65a5,CONTROL_E,427,Basic knowledge,Basic knowledge,Neutral,Neutral,Neutral,Neutral,Neutral,Neutral,Strongly Agree,Agree,Agree,,,,,,Neither true nor false,Neither true nor false,Neither true nor false,Probably false,Neither true nor false,,,,,,,,,,,6.838,51.256,124.864,Basic knowledge,Basic knowledge,Disagree,Strongly Agree,Strongly Agree,Agree,Agree,Agree,Strongly Agree,Agree,Agree,within the next few months,,,,,,Neither true nor false,Probably false,Neither true nor false,Neither true nor false,Neither true nor false,,,,,,,,,,,Neutral,Neutral,Moderately,,,No,
694c13bd-fe5d-f111-8fcb-0022486d65a5,CONTROL_E,1321,Basic knowledge,Basic knowledge,Neutral,Agree,Neutral,Neutral,Neutral,Disagree,Strongly Agree,Agree,Strongly Agree,,,,,,Probably true,Probably true,Probably true,Probably true,Probably true,,,,,,,,,,,0,0,300.123,Basic knowledge,Basic knowledge,Neutral,Agree,Neutral,Neutral,Disagree,Disagree,Strongly Agree,Strongly Agree,Strongly Agree,I am already learning AI,,,,,,Definitely true,Definitely true,Definitely true,Definitely true,Definitely true,,,,,,,,,,,Satisfied,Satisfied,Not at all,,,Yes,
76364c0a-ff5d-f111-8fcb-0022486d65a5,CONTROL_E,441,Basic knowledge,Intermediate knowledge,Disagree,Strongly disagree,Strongly disagree,Disagree,Disagree,Strongly disagree,Agree,Agree,Agree,,,,,,Probably true,Probably true,Definitely true,Probably false,Probably false,,,,,,,,,,,8.831,8.831,121.3,Basic knowledge,Basic knowledge,Disagree,Strongly disagree,Agree,Disagree,Strongly Agree,Disagree,Agree,Agree,Agree,within the next few months,,,,,,Probably true,Probably false,Definitely true,Probably false,Definitely false,,,,,,,,,,,Satisfied,Satisfied,Slightly,,,No,
bbdf4004-ff5d-f111-8fcb-0022486d65a5,CONTROL_E,658,Expert knowledge,Expert knowledge,Neutral,Agree,Agree,Agree,Agree,Disagree,Strongly Agree,Strongly Agree,Strongly Agree,,,,,,Definitely true,Definitely false,Definitely true,Definitely true,Definitely false,,,,,,,,,,,1.233,18.263,152.871,Advanced knowledge,Advanced knowledge,Strongly disagree,Agree,Agree,Agree,Agree,Agree,Strongly Agree,Strongly Agree,Strongly Agree,within the year,,,,,,Definitely true,Definitely false,Definitely true,Definitely true,Definitely false,,,,,,,,,,,Neutral,Neutral,Very,,,No,
eb860cc2-c55e-f111-8fcb-0022486d65a5,CONTROL_E,736,Basic knowledge,Basic knowledge,Strongly Agree,Agree,Strongly Agree,Strongly Agree,Strongly Agree,Strongly Agree,Agree,Agree,Strongly Agree,,,,,,Definitely true,Probably true,Definitely true,Definitely true,Definitely true,,,,,,,,,,,37.422,76.834,168.229,Intermediate knowledge,Intermediate knowledge,Strongly Agree,Agree,Strongly Agree,Strongly Agree,Neutral,Agree,Agree,Neutral,Agree,I am already learning AI,,,,,,Definitely true,Probably true,Probably true,Definitely true,Definitely true,,,,,,,,,,,Very satisfied,Very satisfied,Extremely,,,No,it was well put together and organized
581d4d10-ff5d-f111-8fcb-0022486d65a5,CONTROL_E,734,Basic knowledge,Basic knowledge,Strongly disagree,Strongly Agree,Strongly Agree,I don't know,Strongly Agree,Neutral,Strongly disagree,Strongly disagree,Strongly disagree,,,,,,Probably false,Definitely false,Definitely true,Probably false,Definitely false,,,,,,,,,,,6.331,6.331,285.962,Basic knowledge,Basic knowledge,Strongly disagree,Strongly Agree,Strongly Agree,Strongly Agree,Strongly Agree,Neutral,Strongly disagree,Strongly disagree,Strongly disagree,I am not interested in learning AI,,,,,,Probably true,Definitely false,Definitely true,Probably false,Definitely false,,,,,,,,,,,Satisfied,Satisfied,Slightly,,,No,
2c5cd6fa-c55e-f111-8fcb-0022486d65a5,CONTROL_E,592,Little to no knowledge,Basic knowledge,Strongly disagree,I don't know,Agree,I don't know,Agree,Strongly disagree,Neutral,Agree,Neutral,,,,,,Definitely true,Neither true nor false,Definitely true,I don't know,Probably true,,,,,,,,,,,21.192,21.192,131.542,Intermediate knowledge,Intermediate knowledge,Neutral,Neutral,Neutral,Agree,Agree,Disagree,Agree,Agree,Neutral,I have learned AI and know enough,,,,,,Probably true,Probably false,Definitely true,I don't know,Probably true,,,,,,,,,,,Very satisfied,Satisfied,Extremely,,,Yes,"there was a lot of information on the infographic.  Even though it was relevant, it was too much.  For some readers they would skip over."
995cd6fa-c55e-f111-8fcb-0022486d65a5,CONTROL_E,1415,Basic knowledge,Little to no knowledge,Disagree,Agree,Strongly Agree,I don't know,Agree,Disagree,Agree,Agree,Agree,,,,,,Probably true,Neither true nor false,Definitely true,Probably true,Neither true nor false,,,,,,,,,,,7.337,7.337,318.776,Little to no knowledge,Little to no knowledge,Disagree,Agree,Strongly Agree,I don't know,I don't know,Disagree,Strongly Agree,Agree,Agree,within the next few months,,,,,,Probably true,Neither true nor false,Definitely true,Neither true nor false,Probably false,,,,,,,,,,,Neutral,Satisfied,Slightly,,,Yes,"Just overwhelming content, a lot to take in. "
ae860cc2-c55e-f111-8fcb-0022486d65a5,CONTROL_E,455,Advanced knowledge,Intermediate knowledge,Disagree,Agree,Agree,Neutral,Neutral,Agree,Strongly Agree,Strongly Agree,Strongly Agree,,,,,,Definitely true,Neither true nor false,Definitely true,Probably true,Neither true nor false,,,,,,,,,,,5.114,102.144,125.636,Advanced knowledge,Intermediate knowledge,Disagree,Neutral,Agree,Neutral,Neutral,Agree,Strongly Agree,Strongly Agree,Strongly Agree,within this week,,,,,,Definitely true,Neither true nor false,Definitely true,Probably true,Probably false,,,,,,,,,,,Satisfied,Satisfied,Moderately,,,No,"only that trusting AI generated content can be risky and requires multiple fact-checks and eventuallly, regulation."
d31e189f-4d5f-f111-8fcb-0022486d65a5,CONTROL_E,480,Intermediate knowledge,Intermediate knowledge,Strongly disagree,Neutral,Strongly Agree,Strongly Agree,Strongly Agree,Disagree,Disagree,Neutral,Disagree,,,,,,Definitely false,Definitely false,Definitely true,Definitely false,Definitely false,,,,,,,,,,,9.458,112.853,125.234,Intermediate knowledge,Intermediate knowledge,Strongly disagree,Neutral,Strongly Agree,Strongly Agree,Strongly Agree,Disagree,Disagree,Agree,Neutral,I am not interested in learning AI,,,,,,Definitely false,Definitely false,Definitely true,Definitely false,Definitely false,,,,,,,,,,,Very dissatisfied,Very dissatisfied,Not at all,,,No,infographic was too small to read.
2b802193-4d5f-f111-8fcb-0022486d65a5,CONTROL_E,740,Advanced knowledge,Advanced knowledge,Strongly disagree,Strongly Agree,Agree,Agree,Agree,Neutral,Agree,Agree,Agree,,,,,,Neither true nor false,Neither true nor false,Definitely true,Probably true,Probably false,,,,,,,,,,,2.609,96.973,134.078,Advanced knowledge,Advanced knowledge,Strongly disagree,Strongly Agree,Agree,Agree,Agree,Neutral,Agree,Agree,Agree,within the year,,,,,,Neither true nor false,Neither true nor false,Definitely true,Neither true nor false,Probably false,,,,,,,,,,,Satisfied,Neutral,Extremely,,,No,"it was not an infographic.  it was  a giant poster with text, and some clip art.... i hate to say this, but... maybe give it to AI and see how it compresses it? :P"
461324a5-4d5f-f111-8fcb-0022486d65a5,CONTROL_E,827,Little to no knowledge,Basic knowledge,Strongly disagree,Neutral,Agree,Neutral,Disagree,Disagree,Disagree,Neutral,Disagree,,,,,,Probably true,Neither true nor false,Definitely true,Probably false,Probably true,,,,,,,,,,,13.248,13.248,268.244,Basic knowledge,Basic knowledge,Disagree,Neutral,Agree,Neutral,Disagree,Disagree,Neutral,Disagree,Disagree,I am not interested in learning AI,,,,,,Probably true,Probably false,Probably true,Probably false,Probably true,,,,,,,,,,,Satisfied,Satisfied,Slightly,,,No,Some of the print in the infographic was too small even after I enlarged the page to full screen.
041324a5-4d5f-f111-8fcb-0022486d65a5,CONTROL_E,502,Intermediate knowledge,Intermediate knowledge,Strongly disagree,Neutral,Neutral,Agree,I don't know,Disagree,Agree,Strongly Agree,Agree,,,,,,Neither true nor false,Probably false,Definitely true,Definitely false,I don't know,,,,,,,,,,,14.422,14.422,244.186,Intermediate knowledge,Intermediate knowledge,Disagree,Neutral,Neutral,Agree,Neutral,Disagree,Agree,Agree,Agree,I am already learning AI,,,,,,Neither true nor false,Neither true nor false,Definitely true,Neither true nor false,Neither true nor false,,,,,,,,,,,Neutral,Neutral,Not at all,,,No,
1d541b8d-4d5f-f111-8fcb-0022486d65a5,CONTROL_E,306,Little to no knowledge,Little to no knowledge,I prefer not to answer,I prefer not to answer,I prefer not to answer,I prefer not to answer,I prefer not to answer,I prefer not to answer,Neutral,Neutral,Neutral,,,,,,I don't know,I don't know,I don't know,I don't know,I don't know,,,,,,,,,,,5.769,87.962,140.594,Little to no knowledge,Little to no knowledge,I prefer not to answer,Neutral,I prefer not to answer,I prefer not to answer,Neutral,I prefer not to answer,Neutral,Neutral,Neutral,I am not interested in learning AI,,,,,,I don't know,I don't know,I don't know,I don't know,I don't know,,,,,,,,,,,Neutral,Neutral,Moderately,,,Yes,
48521b8d-4d5f-f111-8fcb-0022486d65a5,CONTROL_E,350,Basic knowledge,Basic knowledge,Disagree,Neutral,Neutral,Agree,I don't know,I don't know,Agree,Neutral,Neutral,,,,,,Neither true nor false,Neither true nor false,Definitely true,Neither true nor false,Probably false,,,,,,,,,,,2.871,119.525,121.632,Basic knowledge,Basic knowledge,Disagree,Agree,Neutral,Agree,I don't know,Neutral,Neutral,Neutral,Neutral,I am not interested in learning AI,,,,,,Probably false,Neither true nor false,Probably true,Neither true nor false,Neither true nor false,,,,,,,,,,,Neutral,Neutral,Very,,,No,
c75e0bc3-fe5d-f111-8fcb-0022486d65a5,CONTROL_E,369,Basic knowledge,Basic knowledge,Strongly disagree,Strongly Agree,Strongly Agree,I don't know,I don't know,Disagree,Agree,Agree,Agree,,,,,,Probably false,Probably true,Probably true,Probably true,Probably false,,,,,,,,,,,5.011,5.011,129.388,Basic knowledge,Basic knowledge,Disagree,Strongly Agree,Strongly Agree,I don't know,I don't know,Disagree,Agree,Agree,Agree,within the next few months,,,,,,Probably false,Probably false,Probably true,Probably true,Probably false,,,,,,,,,,,Neutral,Neutral,Moderately,,,No,
06181e99-4d5f-f111-8fcb-0022486d65a5,CONTROL_E,540,Advanced knowledge,Advanced knowledge,Neutral,Agree,Strongly Agree,Strongly Agree,Agree,I don't know,Strongly Agree,Strongly Agree,Strongly Agree,,,,,,Neither true nor false,Probably true,Definitely true,Probably true,Probably true,,,,,,,,,,,11.332,11.332,129.581,Advanced knowledge,Advanced knowledge,Neutral,Agree,Agree,I don't know,Agree,Neutral,Strongly Agree,Strongly Agree,Strongly Agree,I am already learning AI,,,,,,Probably true,Probably true,Definitely true,Probably true,Probably true,,,,,,,,,,,Neutral,Dissatisfied,Very,,,Yes,
1d63a7ea-4d5f-f111-8fcb-0022486d65a5,CONTROL_E,557,Little to no knowledge,Little to no knowledge,Disagree,Agree,Strongly Agree,Neutral,Agree,I don't know,Neutral,Neutral,Neutral,,,,,,Probably true,Neither true nor false,Definitely true,Definitely true,Neither true nor false,,,,,,,,,,,14.274,14.274,122.147,Little to no knowledge,Little to no knowledge,Strongly disagree,Agree,Agree,I don't know,Agree,I don't know,Neutral,Neutral,Neutral,I am not interested in learning AI,,,,,,Probably true,Probably false,Definitely true,Neither true nor false,Neither true nor false,,,,,,,,,,,Neutral,Dissatisfied,Extremely,,,No,"I found it too complicated and too much for one ""sitting"".  Needs to be given in smaller doses."
904962e4-4d5f-f111-8fcb-0022486d65a5,CONTROL_E,1286,Little to no knowledge,Basic knowledge,Disagree,Disagree,Agree,I don't know,I don't know,Neutral,Neutral,Neutral,Neutral,,,,,,Probably false,Probably true,Definitely true,Probably true,Neither true nor false,,,,,,,,,,,14.01,14.01,140.941,Little to no knowledge,Basic knowledge,Strongly disagree,Strongly disagree,Strongly Agree,Disagree,I don't know,Neutral,Neutral,Neutral,Neutral,within the year,,,,,,Probably false,I don't know,Definitely true,Definitely true,I don't know,,,,,,,,,,,Neutral,Neutral,Very,,,No,The infographic was too small and hard to read.
ff4a13bd-fe5d-f111-8fcb-0022486d65a5,CONTROL_E,554,Intermediate knowledge,Intermediate knowledge,Disagree,Strongly disagree,Neutral,Strongly disagree,Neutral,Disagree,Agree,Agree,Agree,,,,,,Probably true,Probably false,Neither true nor false,Neither true nor false,Definitely false,,,,,,,,,,,7.389,7.389,158.953,Intermediate knowledge,Intermediate knowledge,Disagree,Strongly disagree,Neutral,Disagree,Neutral,Disagree,Agree,Agree,Agree,I am already learning AI,,,,,,Neither true nor false,Probably false,Neither true nor false,Neither true nor false,Definitely false,,,,,,,,,,,Satisfied,Satisfied,Not at all,,,No,
115cd6fa-c55e-f111-8fcb-0022486d65a5,CONTROL_E,562,Basic knowledge,Intermediate knowledge,Disagree,Strongly Agree,Strongly Agree,Agree,Agree,Disagree,Agree,Neutral,Agree,,,,,,Definitely true,Neither true nor false,Definitely true,Probably false,Neither true nor false,,,,,,,,,,,6.219,6.219,126.498,Basic knowledge,Intermediate knowledge,Disagree,Strongly Agree,Strongly Agree,Agree,Neutral,Disagree,Agree,Neutral,Agree,within the next few months,,,,,,Definitely true,Probably false,Definitely true,Probably false,Neither true nor false,,,,,,,,,,,Satisfied,Satisfied,Slightly,,,No,
671e4d10-ff5d-f111-8fcb-0022486d65a5,CONTROL_E,1898,Little to no knowledge,Basic knowledge,Strongly disagree,Agree,Strongly Agree,Strongly Agree,Strongly Agree,Strongly disagree,Neutral,Neutral,Neutral,,,,,,Probably true,Neither true nor false,Definitely true,Neither true nor false,Probably false,,,,,,,,,,,79.386,100.735,136.922,Basic knowledge,Basic knowledge,Strongly disagree,Agree,Neutral,Agree,Neutral,Disagree,Neutral,Agree,Disagree,I am not interested in learning AI,,,,,,Probably true,Neither true nor false,Definitely true,Probably false,Probably false,,,,,,,,,,,Neutral,Neutral,Slightly,,,No,Too much information in a small space. 
ba300cb7-fe5d-f111-8fcb-0022486d65a5,CONTROL_E,272,Advanced knowledge,Advanced knowledge,Strongly Agree,Agree,Strongly Agree,Strongly Agree,Agree,Strongly Agree,Agree,Strongly Agree,Strongly Agree,,,,,,Definitely true,Probably true,Definitely true,Definitely true,Definitely true,,,,,,,,,,,1.139,129.673,131.097,Advanced knowledge,Advanced knowledge,Strongly Agree,Agree,Strongly Agree,Agree,Strongly Agree,Agree,Agree,Neutral,Agree,I have learned AI and know enough,,,,,,Probably true,Definitely true,Definitely true,Probably true,Definitely true,,,,,,,,,,,Satisfied,Satisfied,Extremely,,,No,
bdd327db-6c5b-f111-8fcb-0022486d65a5,CONTROL_G,1010,Basic knowledge,Basic knowledge,Disagree,Disagree,Disagree,I don't know,Disagree,Strongly disagree,Disagree,Agree,Neutral,,,,,,,,,,,,,,,,Probably false,Probably true,Probably false,Probably true,Probably false,35.5,122.117,129.726,Basic knowledge,Little to no knowledge,Disagree,Disagree,Disagree,Neutral,Disagree,Strongly disagree,Disagree,Agree,Neutral,I have learned AI and know enough,,,,,,,,,,,,,,,,Probably false,Probably false,Probably false,Definitely false,Probably false,Satisfied,Satisfied,Moderately,,,No,"One problem that I have (also have with other surveys) is that often, questions can have different interpretations and points of view. Context is a big factor. One that AI still fails miserably at!"
d9d327db-6c5b-f111-8fcb-0022486d65a5,CONTROL_G,500,Basic knowledge,Basic knowledge,Disagree,Strongly disagree,Strongly Agree,I don't know,I don't know,Strongly disagree,Strongly disagree,Agree,Disagree,,,,,,,,,,,,,,,,Probably true,Probably true,I don't know,Probably true,I don't know,6.616,6.616,148.147,Little to no knowledge,Little to no knowledge,Disagree,Strongly disagree,Strongly Agree,Neutral,Disagree,Strongly disagree,Disagree,Strongly Agree,Disagree,I am not interested in learning AI,,,,,,,,,,,,,,,,Probably true,Probably true,Probably true,Probably true,Probably true,Dissatisfied,Dissatisfied,Extremely,,,No,
fa48a068-6c5b-f111-8fcb-0022486d65a5,CONTROL_G,248,Advanced knowledge,Advanced knowledge,Neutral,Strongly Agree,Neutral,Strongly Agree,Agree,Disagree,Disagree,Neutral,Disagree,,,,,,,,,,,,,,,,Probably true,Neither true nor false,Neither true nor false,Definitely true,Neither true nor false,5.781,110.056,142.149,Intermediate knowledge,Advanced knowledge,Disagree,Agree,Strongly Agree,Agree,Neutral,Disagree,Disagree,Agree,Neutral,I am already learning AI,,,,,,,,,,,,,,,,Probably true,Probably true,Definitely true,Neither true nor false,Probably false,Neutral,Dissatisfied,Very,,,Yes,its good
853119cf-6c5b-f111-8fcb-0022486d65a5,CONTROL_G,407,Basic knowledge,Basic knowledge,Disagree,Agree,Strongly Agree,I don't know,Neutral,I don't know,Neutral,Neutral,Neutral,,,,,,,,,,,,,,,,Probably false,Probably false,Definitely false,Probably false,Probably false,8.938,120.689,121.822,Intermediate knowledge,Intermediate knowledge,Disagree,Agree,Strongly Agree,Strongly Agree,Agree,I don't know,Agree,Agree,Agree,within the year,,,,,,,,,,,,,,,,Probably false,Probably false,Definitely false,Definitely false,Definitely false,Neutral,Satisfied,Moderately,,,Yes,
9f5c1ed5-6c5b-f111-8fcb-0022486d65a5,CONTROL_G,727,Basic knowledge,Basic knowledge,Strongly disagree,Agree,Agree,I don't know,I don't know,Disagree,Agree,Agree,Neutral,,,,,,,,,,,,,,,,I don't know,Probably true,I don't know,Probably false,Probably false,7.596,7.596,259.116,Basic knowledge,Basic knowledge,Disagree,Agree,Agree,Agree,Agree,Disagree,Agree,Agree,Neutral,I have learned AI and know enough,,,,,,,,,,,,,,,,I don't know,Probably true,I don't know,Probably true,Probably false,Neutral,Dissatisfied,Very,,,No,
934c13bd-fe5d-f111-8fcb-0022486d65a5,CONTROL_G,269,Advanced knowledge,Advanced knowledge,Neutral,Neutral,Agree,Neutral,Agree,Neutral,Disagree,Agree,Agree,,,,,,,,,,,,,,,,Probably true,Neither true nor false,Probably true,Neither true nor false,Neither true nor false,3.653,96.927,187.384,Intermediate knowledge,Advanced knowledge,Agree,Neutral,Strongly Agree,Agree,Neutral,Agree,Neutral,Disagree,Neutral,within the year,,,,,,,,,,,,,,,,Neither true nor false,Probably false,Neither true nor false,Neither true nor false,Probably true,Neutral,Dissatisfied,Moderately,,,No,
f54d13bd-fe5d-f111-8fcb-0022486d65a5,CONTROL_G,845,Basic knowledge,Intermediate knowledge,Neutral,Disagree,Strongly Agree,I don't know,Neutral,Disagree,Agree,Agree,Agree,,,,,,,,,,,,,,,,Probably true,Probably true,Probably true,Definitely true,Probably true,9.064,149.008,151.4,Basic knowledge,Intermediate knowledge,Agree,Neutral,Strongly Agree,Neutral,Neutral,Disagree,Agree,Agree,Agree,within the year,,,,,,,,,,,,,,,,Probably true,Probably true,Probably true,Probably true,Probably true,Satisfied,Satisfied,Not at all,,,No,been interesting to think more BOUT ai
d95d0bc3-fe5d-f111-8fcb-0022486d65a5,CONTROL_G,796,Advanced knowledge,Intermediate knowledge,Agree,Neutral,Agree,Strongly Agree,Neutral,Agree,Agree,Agree,Neutral,,,,,,,,,,,,,,,,Probably true,Definitely true,Probably true,Neither true nor false,Probably true,15.463,15.463,427.901,Intermediate knowledge,Intermediate knowledge,Agree,Disagree,Neutral,Strongly Agree,Disagree,Agree,Agree,Agree,Neutral,within the next few months,,,,,,,,,,,,,,,,Probably true,Neither true nor false,Neither true nor false,Definitely true,Neither true nor false,Satisfied,Neutral,Very,,,Yes,Nothing
8d344c0a-ff5d-f111-8fcb-0022486d65a5,CONTROL_G,1895,Basic knowledge,Little to no knowledge,Strongly disagree,I don't know,Agree,I don't know,Neutral,Agree,Disagree,Strongly Agree,Strongly disagree,,,,,,,,,,,,,,,,Probably false,Definitely false,Neither true nor false,Probably true,Neither true nor false,8.787,8.787,654.879,Basic knowledge,Little to no knowledge,Strongly disagree,Neutral,Agree,I don't know,Agree,Neutral,Disagree,Strongly Agree,Strongly disagree,I am not interested in learning AI,,,,,,,,,,,,,,,,Probably false,Probably false,Neither true nor false,Probably false,Probably false,Satisfied,Satisfied,Not at all,,,No,N/A
77860cc2-c55e-f111-8fcb-0022486d65a5,CONTROL_G,686,Intermediate knowledge,Little to no knowledge,Agree,Agree,Agree,Agree,Agree,Agree,Agree,Agree,Agree,,,,,,,,,,,,,,,,Probably true,Probably true,Probably true,Probably true,Probably true,13.736,13.736,314.789,Intermediate knowledge,Intermediate knowledge,Disagree,Disagree,Disagree,Agree,Agree,Agree,Agree,Agree,Agree,within this week,,,,,,,,,,,,,,,,Definitely true,Probably true,Probably false,Probably false,Probably false,Satisfied,Satisfied,Very,,,Yes,nothing
155e0bc3-fe5d-f111-8fcb-0022486d65a5,CONTROL_G,649,Little to no knowledge,Little to no knowledge,Strongly disagree,I don't know,Strongly Agree,I don't know,Strongly Agree,I don't know,Neutral,Strongly disagree,Strongly disagree,,,,,,,,,,,,,,,,Definitely false,I don't know,I don't know,Probably true,Definitely false,10.791,94.133,122.033,Little to no knowledge,Little to no knowledge,Strongly disagree,I don't know,Strongly Agree,I don't know,Strongly Agree,I don't know,Strongly disagree,Strongly disagree,Strongly disagree,I am not interested in learning AI,,,,,,,,,,,,,,,,Definitely false,Definitely false,Definitely false,Probably true,Definitely false,Neutral,Neutral,Moderately,,,No,
3f33eedd-4d5f-f111-8fcb-0022486d65a5,CONTROL_G,573,Basic knowledge,Basic knowledge,Disagree,Strongly Agree,Strongly Agree,I don't know,I don't know,Disagree,Agree,Agree,Agree,,,,,,,,,,,,,,,,Definitely false,Definitely false,Definitely false,Definitely false,Definitely false,165.389,165.389,166.339,Basic knowledge,Intermediate knowledge,Strongly disagree,Strongly Agree,Strongly Agree,Agree,I don't know,Disagree,Agree,Agree,Agree,I am already learning AI,,,,,,,,,,,,,,,,Definitely false,Definitely false,Definitely false,Definitely false,Definitely false,Satisfied,Neutral,Moderately,,,No,
145e0bc3-fe5d-f111-8fcb-0022486d65a5,CONTROL_G,291,Advanced knowledge,Advanced knowledge,Agree,Neutral,Neutral,Disagree,Disagree,Neutral,Agree,Agree,Agree,,,,,,,,,,,,,,,,Probably true,Probably true,Probably true,Probably true,Neither true nor false,3.386,49.762,132.261,Intermediate knowledge,Intermediate knowledge,Agree,Neutral,Neutral,Disagree,Disagree,Disagree,Agree,Agree,Agree,within this month,,,,,,,,,,,,,,,,Probably true,Probably true,Neither true nor false,Probably true,Probably true,Satisfied,Satisfied,Slightly,,,No,
0a63a7ea-4d5f-f111-8fcb-0022486d65a5,CONTROL_G,1366,Little to no knowledge,Little to no knowledge,Disagree,Agree,Strongly Agree,I don't know,I don't know,Disagree,Neutral,Neutral,Neutral,,,,,,,,,,,,,,,,I don't know,Probably true,I don't know,Probably true,Probably true,8.309,8.309,122.82,Little to no knowledge,Little to no knowledge,I don't know,Agree,Agree,I don't know,I don't know,Disagree,Agree,Agree,Neutral,I am already learning AI,,,,,,,,,,,,,,,,I don't know,Probably true,I don't know,Probably true,Probably true,Neutral,Neutral,Moderately,,,No,Makes me think that I do not know very much about AI
c3511b8d-4d5f-f111-8fcb-0022486d65a5,CONTROL_G,506,Expert knowledge,Expert knowledge,Disagree,Agree,Agree,Agree,Neutral,Strongly disagree,Neutral,Neutral,Neutral,,,,,,,,,,,,,,,,Definitely true,Probably true,Neither true nor false,Neither true nor false,Probably true,8.265,8.265,193.88,Intermediate knowledge,Intermediate knowledge,Neutral,Strongly Agree,Strongly Agree,Agree,Neutral,Strongly disagree,Neutral,Neutral,Neutral,within the year,,,,,,,,,,,,,,,,Definitely true,Probably true,Probably true,Probably true,Probably true,Satisfied,Satisfied,Moderately,,,Yes,
484762e4-4d5f-f111-8fcb-0022486d65a5,CONTROL_G,412,Little to no knowledge,Expert knowledge,Strongly disagree,Strongly Agree,Strongly Agree,Strongly Agree,Strongly Agree,Strongly Agree,Neutral,Neutral,Neutral,,,,,,,,,,,,,,,,Definitely false,Definitely false,Definitely false,Definitely false,Definitely false,4.82,117.324,124.824,Little to no knowledge,Expert knowledge,Strongly disagree,Strongly Agree,Strongly Agree,Strongly Agree,Strongly Agree,Strongly Agree,Neutral,Neutral,Neutral,I am not interested in learning AI,,,,,,,,,,,,,,,,Definitely false,Definitely false,Definitely false,Definitely false,Definitely false,Very dissatisfied,Very dissatisfied,Not at all,,,No,
281324a5-4d5f-f111-8fcb-0022486d65a5,CONTROL_G,743,Advanced knowledge,Basic knowledge,Neutral,Disagree,Strongly Agree,I don't know,Strongly disagree,I don't know,Strongly Agree,Strongly Agree,Agree,,,,,,,,,,,,,,,,Definitely true,Probably true,Probably false,Definitely true,Probably true,11.596,11.596,216.545,Little to no knowledge,Little to no knowledge,Strongly disagree,Agree,Strongly Agree,Strongly Agree,Agree,Disagree,Strongly Agree,Neutral,Strongly Agree,within the next few months,,,,,,,,,,,,,,,,Definitely true,Probably true,Probably false,Definitely true,Definitely true,Satisfied,Satisfied,Extremely,,,Yes,Taking this study makes you think deeply about AI with it's benefits and downsides. It makes you flip your thoughts and expectations of AI from right to left (like a pendulum.)
47870cc2-c55e-f111-8fcb-0022486d65a5,CONTROL_G,608,Basic knowledge,Intermediate knowledge,Agree,Strongly disagree,Strongly disagree,I don't know,Neutral,Disagree,Agree,Agree,Agree,,,,,,,,,,,,,,,,Probably true,Probably true,I don't know,Neither true nor false,Probably true,19.359,107.56,209.147,Basic knowledge,Basic knowledge,Neutral,Strongly disagree,Strongly disagree,I don't know,Strongly disagree,Disagree,Agree,Agree,Agree,within this week,,,,,,,,,,,,,,,,Probably true,Probably true,Probably true,Probably true,Probably true,Satisfied,Satisfied,Slightly,,,No,
fe141e99-4d5f-f111-8fcb-0022486d65a5,CONTROL_G,1323,Advanced knowledge,Intermediate knowledge,Disagree,Strongly Agree,Agree,Strongly Agree,I don't know,Disagree,Agree,Strongly Agree,Strongly Agree,,,,,,,,,,,,,,,,Neither true nor false,Neither true nor false,Probably true,Probably false,I don't know,4.799,90.88,320.563,Advanced knowledge,Advanced knowledge,Neutral,Strongly Agree,Strongly Agree,Agree,I don't know,Disagree,Strongly Agree,Strongly Agree,Strongly Agree,I am already learning AI,,,,,,,,,,,,,,,,Probably false,Neither true nor false,Neither true nor false,Probably false,I don't know,Satisfied,Satisfied,Slightly,,,Yes,"The content highlighted important aspects of AI ethics that I had not fully considered before, such as homogenization of cultural experiences and inference of sensitive personal information.

When I consider the potential impacts of AI on society in the future, I experience some existential dread. Because the survey centers on this topic, it evokes that sense of existential dread. Having said that, I believe this is an important and healthy feeling. We must remain cautious and mindful of the potential side-effects of such powerful technology."
d5171e99-4d5f-f111-8fcb-0022486d65a5,CONTROL_G,344,Intermediate knowledge,Basic knowledge,Disagree,Disagree,Neutral,Neutral,Neutral,Neutral,Neutral,Neutral,Neutral,,,,,,,,,,,,,,,,Probably true,Neither true nor false,Probably true,Neither true nor false,Neither true nor false,5.767,81.889,132.301,Basic knowledge,Basic knowledge,Disagree,Agree,Neutral,Neutral,Neutral,Neutral,Agree,Agree,Neutral,within the year,,,,,,,,,,,,,,,,Probably false,Probably true,Neither true nor false,Neither true nor false,Neither true nor false,Satisfied,Satisfied,Moderately,,,No,
c98d9c16-ff5d-f111-8fcb-0022486d65a5,CONTROL_G,795,Little to no knowledge,Basic knowledge,Neutral,Strongly Agree,Strongly Agree,Neutral,Neutral,Neutral,Neutral,Neutral,Agree,,,,,,,,,,,,,,,,Neither true nor false,Probably true,Probably true,Neither true nor false,Neither true nor false,7.646,7.646,121.748,Little to no knowledge,Basic knowledge,Neutral,Neutral,Neutral,I prefer not to answer,Neutral,Neutral,Agree,Agree,Neutral,within the year,,,,,,,,,,,,,,,,Neither true nor false,Neither true nor false,Neither true nor false,Definitely true,Definitely true,Neutral,Neutral,Moderately,,,Yes,"only in the picture, too much words and not very clearly"
bac3e3d7-4d5f-f111-8fcb-0022486d65a5,CONTROL_G,900,Advanced knowledge,Intermediate knowledge,Strongly disagree,Strongly Agree,Agree,Neutral,Agree,Neutral,Agree,Agree,Agree,,,,,,,,,,,,,,,,Probably false,Probably false,Probably true,Probably true,Probably false,4.079,108.153,121.972,Intermediate knowledge,Basic knowledge,Strongly disagree,Strongly Agree,Agree,Neutral,Agree,Neutral,Agree,Agree,Agree,within this month,,,,,,,,,,,,,,,,Probably false,Neither true nor false,Probably true,Probably true,Probably false,Neutral,Satisfied,Moderately,,,Yes,
7a30eedd-4d5f-f111-8fcb-0022486d65a5,CONTROL_G,369,Intermediate knowledge,Intermediate knowledge,Strongly disagree,Agree,Disagree,Agree,Neutral,Strongly disagree,Disagree,Strongly Agree,Disagree,,,,,,,,,,,,,,,,Definitely false,Definitely false,Definitely false,Definitely false,Neither true nor false,4.563,4.563,144.462,Basic knowledge,Intermediate knowledge,Strongly disagree,Agree,Disagree,Agree,Neutral,Strongly disagree,Neutral,Agree,Neutral,I am not interested in learning AI,,,,,,,,,,,,,,,,Definitely false,Definitely false,Definitely false,Definitely false,Neither true nor false,Satisfied,Dissatisfied,Not at all,,,No,
811324a5-4d5f-f111-8fcb-0022486d65a5,CONTROL_G,545,Basic knowledge,Basic knowledge,Strongly disagree,Strongly Agree,Strongly Agree,Neutral,Agree,Strongly disagree,Strongly Agree,Strongly Agree,Strongly Agree,,,,,,,,,,,,,,,,Probably true,Neither true nor false,Neither true nor false,Probably false,Probably false,14.021,59.229,171.368,Basic knowledge,Basic knowledge,Strongly disagree,Strongly Agree,Strongly Agree,Neutral,Neutral,Strongly disagree,Strongly Agree,Strongly Agree,Strongly Agree,within the year,,,,,,,,,,,,,,,,Definitely false,Definitely false,Probably false,Definitely false,Definitely false,Neutral,Neutral,Moderately,,,No,
645c1ed5-6c5b-f111-8fcb-0022486d65a5,CONTROL_G,789,Basic knowledge,Basic knowledge,Neutral,Agree,Agree,Agree,Neutral,Strongly disagree,Strongly Agree,Strongly Agree,Strongly Agree,,,,,,,,,,,,,,,,Definitely false,Neither true nor false,Probably false,Probably false,Probably false,8.536,8.536,124.511,Basic knowledge,Basic knowledge,Neutral,Agree,Agree,Agree,Neutral,Strongly disagree,Strongly Agree,Strongly Agree,Strongly Agree,within the next few months,,,,,,,,,,,,,,,,Neither true nor false,Neither true nor false,Probably false,Probably false,Probably false,Neutral,Dissatisfied,Very,,,Yes,"The graphic has too much information, it doesn't seem to follow UDL and it was difficult to read (Colours)"
c8171e99-4d5f-f111-8fcb-0022486d65a5,CONTROL_G,1040,Intermediate knowledge,Intermediate knowledge,Neutral,Agree,Strongly Agree,Agree,Neutral,Strongly Agree,Disagree,Neutral,Neutral,,,,,,,,,,,,,,,,Probably true,Probably true,Probably true,Neither true nor false,Probably true,2.901,2.901,177.721,Basic knowledge,Basic knowledge,Neutral,Agree,Agree,Strongly Agree,Agree,Agree,Disagree,Neutral,Agree,I am already learning AI,,,,,,,,,,,,,,,,Neither true nor false,Probably true,Definitely true,Probably true,Probably true,Satisfied,Satisfied,Slightly,,,Yes,i am all good but thank you for asking
9b812193-4d5f-f111-8fcb-0022486d65a5,CONTROL_G,578,Intermediate knowledge,Basic knowledge,I don't know,Agree,Agree,Agree,Agree,Neutral,Agree,Agree,Agree,,,,,,,,,,,,,,,,Neither true nor false,Probably false,I don't know,Neither true nor false,Neither true nor false,6.871,6.871,228.176,Intermediate knowledge,Basic knowledge,Agree,Agree,Agree,Strongly Agree,Strongly Agree,Strongly Agree,Agree,Agree,Agree,within this month,,,,,,,,,,,,,,,,Probably false,Probably false,Probably false,Probably false,Probably false,Satisfied,Satisfied,Slightly,,,Yes,
204c13bd-fe5d-f111-8fcb-0022486d65a5,CONTROL_G,765,Expert knowledge,Expert knowledge,Strongly disagree,Strongly Agree,Strongly Agree,Strongly Agree,Strongly Agree,Strongly Agree,Strongly disagree,Strongly disagree,Strongly disagree,,,,,,,,,,,,,,,,Definitely false,Definitely false,Definitely false,Definitely false,Definitely false,3.173,114.612,126.677,Little to no knowledge,Little to no knowledge,Strongly disagree,Strongly Agree,Strongly Agree,Strongly Agree,Strongly Agree,Strongly Agree,Strongly disagree,Strongly disagree,Strongly disagree,I am not interested in learning AI,,,,,,,,,,,,,,,,Definitely false,Definitely false,Definitely false,Probably true,Definitely false,Very dissatisfied,Very dissatisfied,Extremely,,,No,"none, the AI thing should stop, it takes away job that disenfranchised low average men like us needed."
bc4f1b8d-4d5f-f111-8fcb-0022486d65a5,CONTROL_G,340,Advanced knowledge,Advanced knowledge,Agree,Strongly Agree,Agree,Strongly Agree,Strongly Agree,Agree,Strongly Agree,Strongly Agree,Strongly Agree,,,,,,,,,,,,,,,,Definitely true,Probably true,Probably true,Probably true,Definitely true,8.171,69.719,167.014,Expert knowledge,Expert knowledge,Strongly Agree,Agree,Strongly Agree,Agree,Agree,Strongly Agree,Strongly Agree,Strongly Agree,Strongly Agree,within this month,,,,,,,,,,,,,,,,Definitely true,Probably true,Definitely true,Definitely true,Probably true,Satisfied,Satisfied,Very,,,Yes,"So far, I have not experienced any discomfort"
cccba06e-6c5b-f111-8fcb-0022486d65a5,CONTROL_H,240,Intermediate knowledge,Intermediate knowledge,I don't know,I don't know,I don't know,I don't know,I don't know,I don't know,Agree,Neutral,Agree,,,,,,,,,,,I don't know,I don't know,I don't know,I don't know,I don't know,,,,,,2.057,21.191,40.145,Basic knowledge,Basic knowledge,I don't know,I don't know,I don't know,I don't know,I don't know,I don't know,Agree,Agree,Agree,within the year,,,,,,,,,,,I don't know,I don't know,I don't know,I don't know,I don't know,,,,,,Neutral,Neutral,Slightly,,,No,
07d427db-6c5b-f111-8fcb-0022486d65a5,CONTROL_H,497,Basic knowledge,Intermediate knowledge,Strongly disagree,Strongly Agree,Strongly Agree,Agree,Neutral,Disagree,Disagree,Neutral,Disagree,,,,,,,,,,,Definitely false,Definitely false,Definitely false,Probably false,Definitely false,,,,,,6.951,6.951,167.286,Basic knowledge,Intermediate knowledge,Strongly disagree,Strongly Agree,Strongly Agree,Strongly Agree,Agree,Disagree,Disagree,Neutral,Disagree,I am not interested in learning AI,,,,,,,,,,,Definitely false,Definitely false,Definitely false,Definitely false,Definitely false,,,,,,Neutral,Neutral,Moderately,,,No,none
80d327db-6c5b-f111-8fcb-0022486d65a5,CONTROL_H,1234,Little to no knowledge,Little to no knowledge,Strongly disagree,Strongly Agree,Strongly Agree,Strongly Agree,Strongly Agree,Strongly disagree,Strongly disagree,Strongly disagree,Strongly disagree,,,,,,,,,,,Definitely false,Probably false,I don't know,Probably false,Definitely false,,,,,,26.35,185.408,186.399,Little to no knowledge,Little to no knowledge,Strongly disagree,Strongly Agree,Strongly Agree,Strongly Agree,Strongly Agree,I don't know,Strongly disagree,Strongly disagree,Strongly disagree,I am not interested in learning AI,,,,,,,,,,,Definitely false,Definitely false,Definitely false,Definitely false,Definitely false,,,,,,Satisfied,Satisfied,Slightly,,,No,Nothing
b8cca06e-6c5b-f111-8fcb-0022486d65a5,CONTROL_H,542,Intermediate knowledge,Basic knowledge,Disagree,Disagree,Disagree,Agree,I don't know,Strongly disagree,Neutral,Agree,Neutral,,,,,,,,,,,I don't know,Neither true nor false,Probably true,Probably true,Probably true,,,,,,11.85,64.749,129.601,Intermediate knowledge,Basic knowledge,Disagree,Neutral,Strongly disagree,Agree,I don't know,Strongly disagree,Agree,Agree,Neutral,within the year,,,,,,,,,,,Neither true nor false,Neither true nor false,Probably true,Probably true,Definitely true,,,,,,Very satisfied,Very satisfied,Extremely,,,No,
403219cf-6c5b-f111-8fcb-0022486d65a5,CONTROL_H,465,Intermediate knowledge,Advanced knowledge,Strongly disagree,Strongly Agree,Agree,Strongly Agree,Strongly Agree,I don't know,Disagree,Agree,Neutral,,,,,,,,,,,Definitely false,Definitely false,Definitely false,Definitely false,Neither true nor false,,,,,,0,0,165.352,Intermediate knowledge,Advanced knowledge,Strongly disagree,Strongly Agree,Agree,Strongly Agree,Strongly Agree,I don't know,Neutral,Agree,Neutral,I am not interested in learning AI,,,,,,,,,,,Definitely false,Definitely false,Definitely false,Definitely false,Definitely false,,,,,,Satisfied,Satisfied,Slightly,,,No,
9ad327db-6c5b-f111-8fcb-0022486d65a5,CONTROL_H,575,Basic knowledge,Basic knowledge,Strongly disagree,Strongly Agree,Strongly Agree,Agree,Agree,Neutral,Agree,Agree,Agree,,,,,,,,,,,Probably false,Probably false,Probably false,Probably false,Neither true nor false,,,,,,12.178,12.178,177.988,Basic knowledge,Basic knowledge,Strongly disagree,Strongly Agree,Strongly Agree,Agree,Agree,Neutral,Agree,Agree,Agree,I am not interested in learning AI,,,,,,,,,,,Definitely false,Probably false,Probably false,Probably false,Probably false,,,,,,Satisfied,Satisfied,Slightly,,,Yes,
b25e0bc3-fe5d-f111-8fcb-0022486d65a5,CONTROL_H,621,Intermediate knowledge,Intermediate knowledge,Disagree,Neutral,Agree,Neutral,Agree,Disagree,Strongly Agree,Strongly Agree,Strongly Agree,,,,,,,,,,,Probably false,Neither true nor false,Probably true,Probably true,Definitely true,,,,,,8.35,8.35,122.221,Intermediate knowledge,Intermediate knowledge,Disagree,Agree,Strongly Agree,Neutral,Agree,Disagree,Strongly Agree,Strongly Agree,Strongly Agree,within this week,,,,,,,,,,,Probably true,Neither true nor false,Probably true,Probably true,Definitely true,,,,,,Satisfied,Neutral,Slightly,,,Yes,none
d98d9c16-ff5d-f111-8fcb-0022486d65a5,CONTROL_H,1034,Intermediate knowledge,Intermediate knowledge,Disagree,Strongly disagree,Disagree,Agree,Neutral,Disagree,Agree,Agree,Agree,,,,,,,,,,,Definitely false,Definitely false,Probably true,Definitely false,Definitely true,,,,,,13.171,13.171,257.061,Intermediate knowledge,Intermediate knowledge,Disagree,Strongly Agree,Strongly Agree,Agree,Agree,Disagree,Agree,Agree,Disagree,within the year,,,,,,,,,,,Definitely false,Definitely false,Probably false,Definitely false,Definitely true,,,,,,Satisfied,Satisfied,Slightly,,,No,
655f0bc3-fe5d-f111-8fcb-0022486d65a5,CONTROL_H,1502,Basic knowledge,Little to no knowledge,Disagree,Agree,Strongly Agree,I don't know,I don't know,Neutral,Agree,Agree,Agree,,,,,,,,,,,Probably true,Probably true,Probably true,Neither true nor false,Probably false,,,,,,15.711,15.711,289.788,Basic knowledge,Little to no knowledge,Disagree,Neutral,Strongly Agree,Agree,I don't know,I don't know,Agree,Agree,Agree,within the next few months,,,,,,,,,,,Neither true nor false,Probably false,Neither true nor false,Neither true nor false,Probably false,,,,,,Satisfied,Satisfied,Slightly,,,Yes,Wasn't sure about how to return to the original survey.
2d4d13bd-fe5d-f111-8fcb-0022486d65a5,CONTROL_H,1037,Little to no knowledge,Little to no knowledge,Strongly disagree,Disagree,Strongly disagree,I don't know,Disagree,Strongly disagree,Strongly disagree,Agree,Strongly disagree,,,,,,,,,,,Definitely false,Definitely false,Probably false,Definitely false,Probably true,,,,,,12.603,117.089,121.488,Little to no knowledge,Little to no knowledge,Strongly disagree,Disagree,Strongly disagree,I don't know,Disagree,Strongly disagree,Strongly disagree,Agree,Strongly disagree,I am not interested in learning AI,,,,,,,,,,,Definitely false,Definitely false,I don't know,Definitely false,Probably true,,,,,,Very dissatisfied,Very dissatisfied,Very,,,No,
068e9c16-ff5d-f111-8fcb-0022486d65a5,CONTROL_H,742,Basic knowledge,Basic knowledge,Disagree,Agree,Agree,Agree,Neutral,Disagree,Agree,Agree,Agree,,,,,,,,,,,Probably false,Probably true,Probably true,Probably true,Definitely true,,,,,,5.349,19.271,211.119,Basic knowledge,Basic knowledge,Neutral,Agree,Agree,Agree,Neutral,Disagree,Agree,Agree,Agree,within the year,,,,,,,,,,,Probably false,Probably false,Probably true,Probably false,Probably true,,,,,,Satisfied,Satisfied,Slightly,,,No,
c0354c0a-ff5d-f111-8fcb-0022486d65a5,CONTROL_H,1536,Basic knowledge,Basic knowledge,Neutral,Neutral,Neutral,Neutral,Neutral,Disagree,Agree,Neutral,Agree,,,,,,,,,,,Neither true nor false,Neither true nor false,Neither true nor false,Neither true nor false,Probably false,,,,,,12.776,12.776,234.647,Basic knowledge,Basic knowledge,Neutral,Neutral,Neutral,Neutral,Neutral,Disagree,Strongly Agree,Neutral,Agree,within the next few months,,,,,,,,,,,Neither true nor false,Neither true nor false,Neither true nor false,Neither true nor false,Probably false,,,,,,Neutral,Satisfied,Very,,,Yes,There are no discomforts.
e432f7bb-c55e-f111-8fcb-0022486d65a5,CONTROL_H,512,Intermediate knowledge,Basic knowledge,Disagree,Strongly Agree,Agree,Strongly Agree,Agree,Disagree,Strongly Agree,Strongly Agree,Strongly Agree,,,,,,,,,,,Definitely false,Definitely false,Definitely false,Definitely false,Probably false,,,,,,4.325,43.582,131.307,Basic knowledge,Basic knowledge,Strongly disagree,Strongly Agree,Agree,Strongly Agree,Strongly Agree,Disagree,Strongly Agree,Strongly Agree,Strongly Agree,within the next few months,,,,,,,,,,,Definitely false,Definitely false,Definitely false,Definitely false,Definitely false,,,,,,Satisfied,Satisfied,Slightly,,,Yes,Nothing 
794b13bd-fe5d-f111-8fcb-0022486d65a5,CONTROL_H,1177,Intermediate knowledge,Basic knowledge,Strongly Agree,Agree,Neutral,Disagree,Strongly disagree,Disagree,Agree,Neutral,Disagree,,,,,,,,,,,Definitely false,Probably false,Probably true,Probably true,Neither true nor false,,,,,,2.922,2.922,218.642,Expert knowledge,Expert knowledge,Strongly Agree,Agree,Neutral,Strongly Agree,Neutral,Strongly Agree,Agree,Neutral,Neutral,within this week,,,,,,,,,,,Definitely true,Probably true,Neither true nor false,Probably true,Definitely true,,,,,,Satisfied,Neutral,Very,,,Yes,N/A
550ac9f4-c55e-f111-8fcb-0022486d65a5,CONTROL_H,1198,Basic knowledge,Advanced knowledge,Disagree,I don't know,Disagree,I don't know,Agree,Disagree,Strongly Agree,Strongly Agree,Strongly Agree,,,,,,,,,,,Probably true,Probably true,Probably true,Probably true,Probably false,,,,,,6.896,106.45,153.63,Basic knowledge,Advanced knowledge,Disagree,I don't know,Disagree,I don't know,Agree,Disagree,Strongly Agree,Strongly Agree,Strongly Agree,I am already learning AI,,,,,,,,,,,Probably false,Probably false,Probably true,Neither true nor false,Definitely false,,,,,,Satisfied,Very satisfied,Moderately,,,No,
155dd6fa-c55e-f111-8fcb-0022486d65a5,CONTROL_H,961,Little to no knowledge,Little to no knowledge,Disagree,Agree,Strongly Agree,I don't know,Strongly Agree,Strongly disagree,Neutral,Neutral,Neutral,,,,,,,,,,,Probably false,Probably true,Probably true,Probably false,Probably true,,,,,,19.457,19.457,343.503,Little to no knowledge,Little to no knowledge,Strongly disagree,I don't know,Strongly Agree,Strongly Agree,Strongly Agree,I don't know,Neutral,Neutral,Neutral,within the year,,,,,,,,,,,Neither true nor false,Neither true nor false,Probably false,Definitely false,Probably false,,,,,,Satisfied,Satisfied,Moderately,,,No,
de5d0bc3-fe5d-f111-8fcb-0022486d65a5,CONTROL_H,659,Intermediate knowledge,Advanced knowledge,Neutral,Agree,Strongly Agree,Disagree,Strongly disagree,Strongly disagree,Strongly Agree,Strongly Agree,Strongly Agree,,,,,,,,,,,Probably true,Neither true nor false,Probably true,Neither true nor false,Probably true,,,,,,8.961,8.961,321.208,Intermediate knowledge,Advanced knowledge,Agree,Agree,Agree,Agree,Disagree,Disagree,Strongly Agree,Strongly Agree,Strongly Agree,within this month,,,,,,,,,,,Neither true nor false,Probably true,Probably true,Probably true,Probably true,,,,,,Satisfied,Satisfied,Slightly,,,Yes,no comment
024962e4-4d5f-f111-8fcb-0022486d65a5,CONTROL_H,559,Basic knowledge,Basic knowledge,Strongly disagree,Agree,Agree,I don't know,I don't know,I don't know,Neutral,Neutral,Strongly disagree,,,,,,,,,,,Probably false,I don't know,I don't know,Probably false,Probably false,,,,,,4.73,199.55,220.837,Little to no knowledge,Little to no knowledge,Strongly disagree,Agree,Agree,I don't know,I don't know,I don't know,Neutral,Neutral,Strongly disagree,I am not interested in learning AI,,,,,,,,,,,Probably false,Probably false,I don't know,Probably false,Probably false,,,,,,Neutral,Neutral,Not at all,,,No,
0d171e99-4d5f-f111-8fcb-0022486d65a5,CONTROL_H,793,Expert knowledge,Advanced knowledge,Strongly disagree,Disagree,Neutral,Agree,Strongly Agree,I don't know,Strongly Agree,Agree,Neutral,,,,,,,,,,,Definitely false,Probably false,Neither true nor false,Probably true,Definitely true,,,,,,1.29,709.674,710.276,Little to no knowledge,Basic knowledge,Neutral,Agree,Strongly Agree,Strongly Agree,Agree,Neutral,Agree,Neutral,Disagree,I am already learning AI,,,,,,,,,,,Definitely true,Probably true,Neither true nor false,Probably false,Definitely false,,,,,,Very dissatisfied,Dissatisfied,Moderately,,,No,
73521b8d-4d5f-f111-8fcb-0022486d65a5,CONTROL_H,507,Basic knowledge,Basic knowledge,Neutral,Neutral,Agree,Neutral,Agree,Disagree,Agree,Neutral,Neutral,,,,,,,,,,,Neither true nor false,Neither true nor false,Probably true,Neither true nor false,Probably true,,,,,,8.506,97.75,127.647,Basic knowledge,Basic knowledge,Neutral,Agree,Agree,Agree,Neutral,Neutral,Agree,Neutral,Neutral,within the year,,,,,,,,,,,Neither true nor false,Neither true nor false,Probably true,Neither true nor false,Neither true nor false,,,,,,Neutral,Satisfied,Moderately,,,Yes,Repeating questions 
511e4d10-ff5d-f111-8fcb-0022486d65a5,CONTROL_H,461,Basic knowledge,Basic knowledge,Disagree,Disagree,Strongly Agree,Strongly Agree,Strongly Agree,Neutral,Neutral,Neutral,Neutral,,,,,,,,,,,Probably false,Probably true,Probably true,Probably true,Probably true,,,,,,8.782,8.782,128.429,Basic knowledge,Basic knowledge,Neutral,Disagree,Agree,Neutral,Disagree,Disagree,Agree,Agree,Agree,I am already learning AI,,,,,,,,,,,Definitely false,Probably true,Probably true,Probably true,Neither true nor false,,,,,,Neutral,Neutral,Not at all,,,Yes,
601324a5-4d5f-f111-8fcb-0022486d65a5,CONTROL_H,608,Basic knowledge,Intermediate knowledge,Strongly disagree,Agree,Neutral,I don't know,Disagree,Strongly disagree,Neutral,Strongly Agree,Neutral,,,,,,,,,,,I don't know,Probably false,I don't know,I don't know,Definitely true,,,,,,7.415,7.415,181.617,Basic knowledge,Intermediate knowledge,Strongly disagree,Agree,Neutral,Strongly Agree,I don't know,Strongly disagree,Agree,Strongly Agree,Neutral,I am not interested in learning AI,,,,,,,,,,,Probably false,Definitely false,Probably false,Definitely false,Definitely true,,,,,,Very satisfied,Neutral,Not at all,,,No,"it's an evolving field, so a case study from the past may no longer have relevance"
894962e4-4d5f-f111-8fcb-0022486d65a5,CONTROL_H,1285,Basic knowledge,Basic knowledge,Strongly disagree,Strongly Agree,Strongly Agree,Agree,Strongly Agree,Agree,Neutral,Agree,Agree,,,,,,,,,,,Probably true,Probably true,Probably true,Probably true,Definitely true,,,,,,9.462,9.462,760.707,Little to no knowledge,Basic knowledge,Disagree,Agree,Agree,Agree,I don't know,Agree,Agree,Agree,Agree,within the year,,,,,,,,,,,Probably false,Probably false,Probably true,Probably true,Probably true,,,,,,Satisfied,Satisfied,Moderately,,,No,
b61f189f-4d5f-f111-8fcb-0022486d65a5,CONTROL_H,1236,Intermediate knowledge,Intermediate knowledge,Disagree,Strongly Agree,Neutral,Strongly Agree,Strongly Agree,Neutral,Agree,Agree,Agree,,,,,,,,,,,Probably false,Neither true nor false,Neither true nor false,Neither true nor false,Definitely true,,,,,,11.671,11.671,352.498,Intermediate knowledge,Intermediate knowledge,Disagree,Strongly Agree,Strongly Agree,Strongly Agree,Strongly Agree,Neutral,Agree,Agree,Agree,I am already learning AI,,,,,,,,,,,Definitely false,Definitely false,Probably false,Neither true nor false,Definitely true,,,,,,Satisfied,Satisfied,Moderately,,,Yes,the infographic was poorly designed in the visual sense. it was annoying and visually irritating. the platform it was presented on was unnecessarily complicated and clunky. considering the subject matter it seemed to maybe present as aesthetically biased.
0e870cc2-c55e-f111-8fcb-0022486d65a5,CONTROL_H,424,Intermediate knowledge,Intermediate knowledge,Disagree,Strongly Agree,Strongly Agree,Strongly Agree,Strongly Agree,Agree,Agree,Agree,Agree,,,,,,,,,,,Definitely false,Probably false,Definitely false,Definitely false,Definitely false,,,,,,7.078,108.61,139.172,Intermediate knowledge,Intermediate knowledge,Disagree,Strongly Agree,Strongly Agree,Strongly Agree,Strongly Agree,Strongly Agree,Agree,Agree,Agree,I am already learning AI,,,,,,,,,,,Definitely false,Definitely false,Definitely false,Definitely false,Definitely false,,,,,,Satisfied,Satisfied,Very,,,No,"too much text, too small font--i am a tech writer and usability consultant--too messy and chaotic."
6f63a7ea-4d5f-f111-8fcb-0022486d65a5,CONTROL_H,521,Little to no knowledge,Little to no knowledge,Strongly disagree,Strongly Agree,Strongly Agree,Agree,Neutral,Strongly disagree,Agree,Agree,Agree,,,,,,,,,,,Definitely false,Probably false,Probably false,Probably false,Probably true,,,,,,8.978,8.978,186.923,Little to no knowledge,Little to no knowledge,Strongly disagree,Strongly Agree,Agree,Strongly Agree,Neutral,Strongly disagree,Agree,Strongly Agree,Strongly Agree,within the next few months,,,,,,,,,,,Definitely false,Probably false,Definitely false,Probably false,Probably true,,,,,,Satisfied,Very satisfied,Not at all,,,No,
c61e189f-4d5f-f111-8fcb-0022486d65a5,CONTROL_H,370,Intermediate knowledge,Intermediate knowledge,Disagree,Disagree,Strongly Agree,Agree,Strongly Agree,Disagree,Agree,Agree,Agree,,,,,,,,,,,Probably true,Probably false,Probably false,Probably false,Definitely true,,,,,,15.34,15.34,121.384,Intermediate knowledge,Intermediate knowledge,Disagree,Disagree,Strongly Agree,Agree,Strongly Agree,Disagree,Agree,Agree,Agree,I am already learning AI,,,,,,,,,,,Probably false,Definitely false,Probably false,Probably false,Definitely true,,,,,,Satisfied,Very satisfied,Very,,,No,
41870cc2-c55e-f111-8fcb-0022486d65a5,CONTROL_H,426,Little to no knowledge,Little to no knowledge,Strongly disagree,Strongly Agree,Strongly Agree,Strongly Agree,Strongly Agree,I don't know,Strongly disagree,Neutral,Disagree,,,,,,,,,,,I don't know,I don't know,I don't know,I don't know,I don't know,,,,,,8.134,67.684,126.741,Little to no knowledge,Little to no knowledge,Strongly disagree,Strongly Agree,Strongly Agree,Strongly Agree,Strongly Agree,Disagree,Disagree,Agree,Neutral,I am not interested in learning AI,,,,,,,,,,,I don't know,I don't know,I don't know,I don't know,I don't know,,,,,,Satisfied,Satisfied,Very,,,No,
ee32eedd-4d5f-f111-8fcb-0022486d65a5,CONTROL_H,1603,Basic knowledge,Basic knowledge,Disagree,Disagree,Strongly Agree,I don't know,I don't know,Strongly disagree,Strongly Agree,Strongly Agree,Agree,,,,,,,,,,,Probably false,Probably false,I don't know,Probably false,Probably true,,,,,,14.474,66.446,669.72,Basic knowledge,Basic knowledge,Disagree,I don't know,Strongly Agree,I don't know,I don't know,Strongly disagree,Strongly Agree,Strongly Agree,Agree,within the year,,,,,,,,,,,Probably false,Probably false,I don't know,Definitely false,Probably true,,,,,,Satisfied,Satisfied,Moderately,,,No,
5f870cc2-c55e-f111-8fcb-0022486d65a5,CONTROL_H,478,Little to no knowledge,Intermediate knowledge,Disagree,I don't know,Agree,I don't know,Agree,Strongly disagree,Disagree,Disagree,Disagree,,,,,,,,,,,Probably true,I don't know,Probably true,Probably true,I don't know,,,,,,9.165,37.377,128.57,Little to no knowledge,Intermediate knowledge,Disagree,Agree,Strongly Agree,I don't know,I don't know,Disagree,Disagree,Disagree,Disagree,I am not interested in learning AI,,,,,,,,,,,Probably true,I don't know,I don't know,Probably true,I don't know,,,,,,Very dissatisfied,Very dissatisfied,Slightly,,,No,I have no idea what that graphic was about
da161e99-4d5f-f111-8fcb-0022486d65a5,CONTROL_H,665,Intermediate knowledge,Intermediate knowledge,Neutral,Agree,Neutral,Disagree,Disagree,Disagree,Agree,Agree,Agree,,,,,,,,,,,Neither true nor false,Neither true nor false,Probably true,Probably true,Probably true,,,,,,3.896,3.896,155.784,Intermediate knowledge,Intermediate knowledge,Disagree,Agree,Neutral,Agree,Neutral,Disagree,Agree,Agree,Agree,within the next few months,,,,,,,,,,,Neither true nor false,Neither true nor false,Probably true,Probably true,Probably true,,,,,,Satisfied,Neutral,Moderately,,,Yes,There was too much information in the infographic and It looked dated. I also took longer than expected to detect I had already seen it. 
a11e4d10-ff5d-f111-8fcb-0022486d65a5,CONTROL_H,379,Basic knowledge,Intermediate knowledge,Strongly disagree,Strongly disagree,Strongly Agree,I don't know,Strongly disagree,Strongly disagree,Strongly Agree,Strongly Agree,Strongly Agree,,,,,,,,,,,Definitely false,Definitely false,Definitely false,Definitely false,Definitely false,,,,,,6.04,6.04,152.629,Basic knowledge,Intermediate knowledge,Strongly disagree,Strongly disagree,Strongly Agree,Neutral,Strongly disagree,Strongly disagree,Strongly Agree,Strongly Agree,Strongly Agree,I am already learning AI,,,,,,,,,,,Definitely false,Definitely false,Definitely false,Definitely false,Definitely false,,,,,,Very satisfied,Very satisfied,Not at all,,,No,
2b57a062-6c5b-f111-8fcb-0022486d65a5,CONTROL_T,168,Intermediate knowledge,Advanced knowledge,Agree,Disagree,Neutral,Agree,Disagree,Disagree,Disagree,Disagree,Agree,Neither true nor false,Probably false,Probably true,Probably true,Neither true nor false,,,,,,,,,,,,,,,,2.672,2.672,35.734,Intermediate knowledge,Intermediate knowledge,Disagree,Neutral,Agree,Agree,Disagree,I don't know,Neutral,Neutral,Strongly disagree,I have learned AI and know enough,Neither true nor false,Neither true nor false,Neither true nor false,Neither true nor false,Neither true nor false,,,,,,,,,,,,,,,,Dissatisfied,Neutral,Moderately,,,Yes,d
19cda06e-6c5b-f111-8fcb-0022486d65a5,CONTROL_T,671,Basic knowledge,Basic knowledge,Disagree,I don't know,Agree,I don't know,I don't know,Disagree,Agree,Agree,Agree,Probably false,Probably true,Definitely false,Neither true nor false,Probably false,,,,,,,,,,,,,,,,21.443,21.443,227.81,Basic knowledge,Basic knowledge,Disagree,I don't know,Agree,I don't know,Neutral,Disagree,Agree,Agree,Agree,within the year,Probably false,Probably true,Definitely false,Probably false,Probably false,,,,,,,,,,,,,,,,Satisfied,Satisfied,Not at all,,,No,
22cda06e-6c5b-f111-8fcb-0022486d65a5,CONTROL_T,2013,Little to no knowledge,Little to no knowledge,Strongly disagree,I don't know,Strongly Agree,I don't know,Strongly Agree,I don't know,Strongly disagree,Disagree,Disagree,Probably true,Probably true,Probably true,Probably true,Probably true,,,,,,,,,,,,,,,,16.863,16.863,937.136,Little to no knowledge,Little to no knowledge,Strongly disagree,Agree,Agree,I don't know,Agree,I don't know,Disagree,Agree,Agree,within the next few months,Probably true,Probably true,Probably true,Probably true,Probably true,,,,,,,,,,,,,,,,Satisfied,Satisfied,Very,,,No,none
e0cba06e-6c5b-f111-8fcb-0022486d65a5,CONTROL_T,720,Intermediate knowledge,Intermediate knowledge,Agree,Neutral,Strongly disagree,Disagree,Strongly disagree,Strongly disagree,Agree,Strongly Agree,Strongly Agree,Probably true,Neither true nor false,Definitely true,Probably true,Neither true nor false,,,,,,,,,,,,,,,,15.963,15.963,220.131,Intermediate knowledge,Intermediate knowledge,Neutral,Agree,Strongly disagree,Neutral,Strongly disagree,Strongly disagree,Agree,Strongly Agree,Strongly Agree,within the next few months,Probably true,Neither true nor false,Probably true,Probably false,Neither true nor false,,,,,,,,,,,,,,,,Dissatisfied,Neutral,Moderately,,,No,
cd3319cf-6c5b-f111-8fcb-0022486d65a5,CONTROL_T,900,Little to no knowledge,Advanced knowledge,Agree,Strongly Agree,Strongly Agree,Disagree,Disagree,Agree,Neutral,Agree,Disagree,Probably true,Probably true,Definitely true,Definitely true,Neither true nor false,,,,,,,,,,,,,,,,12.781,12.781,142.552,Intermediate knowledge,Intermediate knowledge,Neutral,Strongly Agree,Strongly Agree,Agree,Agree,Strongly Agree,Neutral,Agree,Agree,within this month,Probably true,Definitely true,Definitely true,Definitely true,Probably true,,,,,,,,,,,,,,,,Satisfied,Very satisfied,Moderately,,,No,
484ba068-6c5b-f111-8fcb-0022486d65a5,CONTROL_T,415,Little to no knowledge,Little to no knowledge,Disagree,Strongly Agree,Agree,I don't know,Agree,I don't know,Disagree,Neutral,Neutral,Probably false,Probably true,Neither true nor false,Probably false,Probably false,,,,,,,,,,,,,,,,7.839,84.988,126.565,Basic knowledge,Basic knowledge,Disagree,I don't know,Agree,Neutral,Agree,I don't know,Disagree,Neutral,Neutral,I have learned AI and know enough,I don't know,Probably true,I don't know,Probably false,Probably false,,,,,,,,,,,,,,,,Dissatisfied,Dissatisfied,Moderately,,,No,
c54d13bd-fe5d-f111-8fcb-0022486d65a5,CONTROL_T,1777,Advanced knowledge,Advanced knowledge,Strongly disagree,Strongly Agree,Agree,Strongly Agree,Neutral,Agree,Agree,Strongly Agree,Neutral,Definitely false,Definitely true,Definitely false,Neither true nor false,Definitely false,,,,,,,,,,,,,,,,26.542,26.542,170.932,Advanced knowledge,Advanced knowledge,Strongly disagree,Strongly Agree,Agree,Neutral,Strongly Agree,Agree,Neutral,Neutral,Neutral,I have learned AI and know enough,Definitely false,Definitely true,Definitely false,Neither true nor false,Definitely false,,,,,,,,,,,,,,,,Very dissatisfied,Very dissatisfied,Not at all,,,No,"I think for one it is very bizarre and even a bit of a stretch to make it out as if the AI may respond in a socially unacceptable way toward some groups of people. This is totally a targeted exaggeration of what it really does. AI models will insult everyone if you use them, eventually they will in their current development stage anyway. Why focus on specific aspects, it fulfills the DEI corporate trend you're looking for more than it reflects reality? I'm a part white and part native guy and the AI doesn't know this. Anyway the other day Google's Gemini AI bot put me down simply for saving that I didn't like a certain film. It basically claimed that I was not smart at least in a certain area because I didn't care for a certain film overall. These things will put down anyone and act inappropriately toward every single human. Why over emphasis race and sexism when in truth this problem is a very general one that will effect ALL humans? Earth to your study, wake up! "
c41e4d10-ff5d-f111-8fcb-0022486d65a5,CONTROL_T,917,Little to no knowledge,Little to no knowledge,Strongly disagree,I don't know,Agree,I don't know,I don't know,Strongly disagree,Strongly disagree,Disagree,Strongly disagree,Neither true nor false,Definitely true,I don't know,Definitely false,Definitely false,,,,,,,,,,,,,,,,9.601,115.955,123.382,Little to no knowledge,Little to no knowledge,Strongly disagree,I don't know,Agree,Strongly Agree,Neutral,Strongly disagree,Strongly disagree,Disagree,Strongly disagree,I am not interested in learning AI,I don't know,Definitely true,Probably false,Definitely false,Definitely false,,,,,,,,,,,,,,,,Satisfied,Neutral,Moderately,,,No,
71d327db-6c5b-f111-8fcb-0022486d65a5,CONTROL_T,1301,Basic knowledge,Basic knowledge,Disagree,Strongly Agree,Strongly Agree,Neutral,I don't know,Strongly disagree,Agree,Strongly Agree,Strongly Agree,Probably true,Definitely true,Definitely false,Definitely true,Definitely false,,,,,,,,,,,,,,,,13.246,13.246,431.134,Basic knowledge,Basic knowledge,Disagree,Agree,Strongly Agree,Neutral,Strongly Agree,Strongly disagree,Agree,Agree,Agree,within the year,Probably false,Definitely true,Definitely false,Definitely false,Definitely false,,,,,,,,,,,,,,,,Satisfied,Neutral,Not at all,,,No,"I didn't have any discomforts at all.  AI cannot be absolutely guaranteed to be contained or have guardrails that contain it.  There's always a certain percentage of error in AI's answers as well. I believe Chatgpt's error rate was 43% at one time.  I could have improved by now, but it will probably never be 100% accurate"
6c1e4d10-ff5d-f111-8fcb-0022486d65a5,CONTROL_T,668,Basic knowledge,Basic knowledge,Agree,Agree,Strongly disagree,Disagree,Disagree,Disagree,Disagree,Strongly disagree,Disagree,Definitely true,Definitely true,Probably true,Probably true,Probably true,,,,,,,,,,,,,,,,9.52,9.52,185.859,Basic knowledge,Basic knowledge,Agree,Disagree,Agree,Disagree,Disagree,Strongly disagree,Agree,Agree,Neutral,within this month,Definitely true,Definitely true,Probably true,Probably true,Probably true,,,,,,,,,,,,,,,,Satisfied,Satisfied,Slightly,,,No,No comments
a34c13bd-fe5d-f111-8fcb-0022486d65a5,CONTROL_T,511,Intermediate knowledge,Intermediate knowledge,Strongly disagree,Strongly Agree,Strongly Agree,Strongly Agree,Strongly Agree,Strongly disagree,Agree,Agree,Agree,Definitely false,Definitely true,Definitely false,Definitely false,Definitely false,,,,,,,,,,,,,,,,7.301,7.301,254.562,Advanced knowledge,Advanced knowledge,Strongly disagree,Strongly Agree,Strongly Agree,Strongly Agree,Strongly Agree,Strongly disagree,Agree,Agree,Agree,I have learned AI and know enough,Definitely false,Definitely true,Definitely false,Definitely false,Definitely false,,,,,,,,,,,,,,,,Satisfied,Satisfied,Not at all,,,No,
0a5cd6fa-c55e-f111-8fcb-0022486d65a5,CONTROL_T,322,Basic knowledge,Basic knowledge,Agree,Agree,Strongly Agree,Agree,Agree,Neutral,Agree,Agree,Agree,Probably true,Probably true,Probably true,Probably true,Probably true,,,,,,,,,,,,,,,,6.622,6.622,123.157,Basic knowledge,Basic knowledge,Agree,Agree,Strongly Agree,Agree,Agree,Neutral,Agree,Agree,Agree,within the year,Probably true,Probably true,Probably true,Probably true,Probably true,,,,,,,,,,,,,,,,Satisfied,Satisfied,Moderately,,,No,none
cc4c13bd-fe5d-f111-8fcb-0022486d65a5,CONTROL_T,451,Intermediate knowledge,Intermediate knowledge,Neutral,Strongly Agree,Strongly Agree,Neutral,Neutral,Strongly disagree,Agree,Agree,Agree,Neither true nor false,I don't know,Neither true nor false,Probably true,Probably false,,,,,,,,,,,,,,,,1.227,23.203,290.933,Intermediate knowledge,Little to no knowledge,Disagree,Strongly Agree,Strongly Agree,I don't know,Neutral,Strongly disagree,Agree,Agree,Agree,within this month,I don't know,Definitely true,I don't know,Probably true,Probably false,,,,,,,,,,,,,,,,Neutral,Neutral,Moderately,,,No,
3a5f0bc3-fe5d-f111-8fcb-0022486d65a5,CONTROL_T,653,Little to no knowledge,Little to no knowledge,I don't know,Agree,Agree,Neutral,Disagree,Strongly disagree,Disagree,Neutral,Disagree,Neither true nor false,Probably true,Neither true nor false,Neither true nor false,Neither true nor false,,,,,,,,,,,,,,,,10.934,119.526,151.827,Little to no knowledge,Little to no knowledge,Disagree,Agree,Agree,Neutral,Neutral,Disagree,Disagree,Neutral,Neutral,I am not interested in learning AI,Probably true,Probably true,Probably false,Probably true,Neither true nor false,,,,,,,,,,,,,,,,Neutral,Neutral,Moderately,,,No,
5c1f189f-4d5f-f111-8fcb-0022486d65a5,CONTROL_T,485,Intermediate knowledge,Intermediate knowledge,Strongly disagree,Strongly Agree,Strongly Agree,I don't know,Strongly Agree,Agree,Agree,Agree,Neutral,Probably false,Definitely true,Probably true,Definitely false,Definitely false,,,,,,,,,,,,,,,,2.995,112.244,121.782,Intermediate knowledge,Intermediate knowledge,Strongly disagree,Strongly Agree,Strongly Agree,Strongly Agree,Strongly Agree,Strongly Agree,Agree,Agree,Agree,within the next few months,Probably true,Definitely true,Probably true,Definitely false,Definitely false,,,,,,,,,,,,,,,,Very satisfied,Very satisfied,Not at all,,,Yes,none
43870cc2-c55e-f111-8fcb-0022486d65a5,CONTROL_T,810,Little to no knowledge,Little to no knowledge,Disagree,Strongly disagree,Neutral,I don't know,Strongly disagree,Strongly disagree,Agree,Agree,Agree,Probably true,Probably false,Probably true,Probably true,I don't know,,,,,,,,,,,,,,,,20.18,20.18,283.123,Little to no knowledge,Little to no knowledge,Disagree,Strongly disagree,Neutral,I don't know,Neutral,Strongly disagree,Agree,Agree,Agree,I am already learning AI,Probably true,Neither true nor false,Probably true,Probably true,Neither true nor false,,,,,,,,,,,,,,,,Satisfied,Satisfied,Not at all,,,No,no additional comments
241324a5-4d5f-f111-8fcb-0022486d65a5,CONTROL_T,1406,Little to no knowledge,Little to no knowledge,I don't know,Agree,Agree,I don't know,Agree,I don't know,Neutral,Neutral,Neutral,I don't know,I don't know,I don't know,I don't know,Neither true nor false,,,,,,,,,,,,,,,,13.865,13.865,299.421,Little to no knowledge,Little to no knowledge,I don't know,Agree,Agree,I don't know,Agree,I don't know,Neutral,Neutral,Neutral,within the year,I don't know,I don't know,I don't know,I don't know,I don't know,,,,,,,,,,,,,,,,Neutral,Neutral,Very,,,No,too domplex
c1141e99-4d5f-f111-8fcb-0022486d65a5,CONTROL_T,935,Basic knowledge,Basic knowledge,Disagree,Agree,Agree,Agree,Neutral,Neutral,Neutral,Neutral,Neutral,Neither true nor false,Neither true nor false,Probably false,Probably false,Probably false,,,,,,,,,,,,,,,,5.112,120.349,121.358,Basic knowledge,Basic knowledge,Neutral,Neutral,Agree,Agree,Agree,Neutral,Agree,Disagree,Neutral,within the year,Neither true nor false,Neither true nor false,Neither true nor false,Neither true nor false,Neither true nor false,,,,,,,,,,,,,,,,Neutral,Neutral,Moderately,,,No,
671324a5-4d5f-f111-8fcb-0022486d65a5,CONTROL_T,894,Basic knowledge,Basic knowledge,Strongly disagree,Disagree,Agree,I don't know,Disagree,Disagree,Agree,Agree,Agree,Neither true nor false,Probably true,Probably false,Probably true,Probably true,,,,,,,,,,,,,,,,14.19,14.19,266.239,Basic knowledge,Basic knowledge,Strongly disagree,Disagree,Agree,Agree,Neutral,Neutral,Agree,Agree,Agree,within the year,Probably true,Probably true,Probably true,Probably true,Probably true,,,,,,,,,,,,,,,,Satisfied,Neutral,Slightly,,,No,"Questions, while relevant, have a somewhat DEI/woke tone."
1c541b8d-4d5f-f111-8fcb-0022486d65a5,CONTROL_T,377,Basic knowledge,Intermediate knowledge,Disagree,Neutral,Agree,Agree,Agree,Disagree,Agree,Neutral,Neutral,Probably true,Definitely true,Probably true,Probably true,Probably false,,,,,,,,,,,,,,,,7.101,8.753,151.975,Intermediate knowledge,Basic knowledge,Disagree,Agree,Strongly Agree,Agree,Agree,Disagree,Agree,Agree,Neutral,I am already learning AI,Probably true,Definitely true,Probably true,Probably true,Probably false,,,,,,,,,,,,,,,,Neutral,Satisfied,Very,,,No,
c71e4d10-ff5d-f111-8fcb-0022486d65a5,CONTROL_T,541,Little to no knowledge,Little to no knowledge,Strongly Agree,Strongly Agree,Strongly Agree,Strongly Agree,Strongly Agree,I don't know,Neutral,Neutral,Neutral,Neither true nor false,Probably true,Probably true,Probably false,Probably false,,,,,,,,,,,,,,,,12.465,12.465,125.483,Basic knowledge,Basic knowledge,Disagree,Agree,Agree,I don't know,Agree,Strongly disagree,Neutral,Neutral,Neutral,I am not interested in learning AI,Neither true nor false,Probably true,Probably true,Probably true,Probably true,,,,,,,,,,,,,,,,Satisfied,Satisfied,Moderately,,,No,
55870cc2-c55e-f111-8fcb-0022486d65a5,CONTROL_T,541,Little to no knowledge,Little to no knowledge,Disagree,Agree,Agree,Agree,Neutral,Disagree,Neutral,Neutral,Neutral,Neither true nor false,Neither true nor false,Neither true nor false,Neither true nor false,Neither true nor false,,,,,,,,,,,,,,,,11.48,73.424,133.125,Little to no knowledge,Little to no knowledge,I don't know,I don't know,Agree,I don't know,I don't know,Strongly disagree,Agree,Agree,Agree,within the next few months,Neither true nor false,Neither true nor false,Neither true nor false,Neither true nor false,Neither true nor false,,,,,,,,,,,,,,,,Neutral,Neutral,Moderately,,,No,
80c1e3d7-4d5f-f111-8fcb-0022486d65a5,CONTROL_T,253,Intermediate knowledge,Basic knowledge,Agree,Strongly Agree,Strongly Agree,Neutral,Strongly Agree,Agree,Agree,Neutral,Disagree,Probably false,Neither true nor false,Probably false,Probably true,Neither true nor false,,,,,,,,,,,,,,,,3.741,94.261,129.124,Intermediate knowledge,Basic knowledge,Neutral,Strongly Agree,Agree,Neutral,Agree,Strongly Agree,Neutral,Agree,Disagree,I am already learning AI,Probably true,Probably true,Neither true nor false,Probably false,Probably true,,,,,,,,,,,,,,,,Neutral,Satisfied,Very,,,Yes,It's good
7d63a7ea-4d5f-f111-8fcb-0022486d65a5,CONTROL_T,771,Basic knowledge,Basic knowledge,Neutral,Agree,Strongly Agree,Neutral,Neutral,Neutral,Agree,Agree,Agree,Probably false,Probably true,Probably true,Definitely true,Neither true nor false,,,,,,,,,,,,,,,,10.706,10.706,238.224,Basic knowledge,Basic knowledge,Neutral,Agree,Agree,Neutral,Neutral,Neutral,Agree,Agree,Agree,within the year,Neither true nor false,Probably true,Neither true nor false,Probably true,Neither true nor false,,,,,,,,,,,,,,,,Satisfied,Satisfied,Slightly,,,No,
8d5b1ed5-6c5b-f111-8fcb-0022486d65a5,CONTROL_T,909,Intermediate knowledge,Intermediate knowledge,Neutral,Neutral,Strongly disagree,Neutral,Neutral,Neutral,Agree,Agree,Agree,Neither true nor false,Definitely true,Definitely true,Definitely true,Definitely true,,,,,,,,,,,,,,,,48.579,48.579,180.147,Intermediate knowledge,Intermediate knowledge,Agree,Neutral,Strongly Agree,Disagree,Disagree,Disagree,Agree,Agree,Agree,I have learned AI and know enough,Definitely true,Definitely false,Definitely true,Definitely true,Definitely true,,,,,,,,,,,,,,,,Satisfied,Satisfied,Not at all,,,No,
c9802193-4d5f-f111-8fcb-0022486d65a5,CONTROL_T,476,Intermediate knowledge,Intermediate knowledge,Strongly disagree,Strongly Agree,Agree,Agree,I don't know,Disagree,Neutral,Strongly Agree,Disagree,Probably false,Definitely true,Definitely false,Neither true nor false,Probably false,,,,,,,,,,,,,,,,4.065,4.065,217.948,Intermediate knowledge,Intermediate knowledge,Strongly disagree,Strongly Agree,Agree,Strongly Agree,I don't know,Disagree,Neutral,Strongly Agree,Disagree,I am not interested in learning AI,Probably false,Definitely true,Definitely false,Probably false,Probably false,,,,,,,,,,,,,,,,Satisfied,Satisfied,Not at all,,,No,
f71f189f-4d5f-f111-8fcb-0022486d65a5,CONTROL_T,559,Little to no knowledge,Little to no knowledge,Strongly disagree,Neutral,Strongly Agree,Neutral,Strongly Agree,I don't know,Agree,Disagree,Disagree,Probably false,I don't know,I don't know,Probably true,I don't know,,,,,,,,,,,,,,,,6.157,6.157,163.673,Little to no knowledge,Little to no knowledge,Strongly disagree,Neutral,Agree,I don't know,Strongly Agree,Neutral,Agree,Disagree,Disagree,I am not interested in learning AI,Probably false,I don't know,Probably false,Probably true,I don't know,,,,,,,,,,,,,,,,Dissatisfied,Dissatisfied,Extremely,,,No,way more than I am able to take in. I am technically illiterate
a132f7bb-c55e-f111-8fcb-0022486d65a5,CONTROL_T,551,Expert knowledge,Expert knowledge,Strongly disagree,Agree,Agree,Strongly disagree,Strongly disagree,Agree,Neutral,Agree,Neutral,Definitely true,Definitely true,Definitely false,Definitely false,Probably true,,,,,,,,,,,,,,,,2.809,2.809,132.551,Advanced knowledge,Advanced knowledge,Strongly disagree,Neutral,Neutral,Strongly disagree,Strongly disagree,Agree,Neutral,Agree,Agree,within the year,Definitely true,Definitely true,Definitely false,Definitely false,Probably true,,,,,,,,,,,,,,,,Neutral,Neutral,Not at all,,,Yes,
324ba068-6c5b-f111-8fcb-0022486d65a5,CONTROL_T,484,Basic knowledge,Basic knowledge,Strongly disagree,Strongly Agree,Agree,I don't know,Disagree,Strongly disagree,Neutral,Strongly Agree,Neutral,Probably true,Definitely true,Neither true nor false,Probably true,Neither true nor false,,,,,,,,,,,,,,,,3.518,144.253,144.552,Basic knowledge,Basic knowledge,Strongly disagree,Strongly Agree,Agree,Agree,Agree,Strongly disagree,Agree,Strongly Agree,Agree,within this month,Neither true nor false,Definitely true,Probably false,Neither true nor false,Probably true,,,,,,,,,,,,,,,,Satisfied,Satisfied,Not at all,,,Yes,I feel like there's still a sentiment that AI should be allowed within schools as more than just a tool to generate additional practice content or learning material. I truly feel it should not be used as a way to act like a 'real' person among children.
874f1b8d-4d5f-f111-8fcb-0022486d65a5,CONTROL_T,359,Basic knowledge,Basic knowledge,Strongly Agree,Strongly Agree,Strongly Agree,Strongly Agree,Strongly Agree,Strongly Agree,Agree,Agree,Agree,Definitely true,Definitely true,Definitely true,Definitely true,Definitely true,,,,,,,,,,,,,,,,8.841,8.841,128.833,Expert knowledge,Expert knowledge,Agree,Agree,Agree,Agree,Agree,Agree,Agree,Agree,Agree,within this week,Definitely true,Definitely true,Definitely true,Definitely true,Definitely true,,,,,,,,,,,,,,,,Satisfied,Satisfied,Extremely,,,Yes,
d8cca06e-6c5b-f111-8fcb-0022486d65a5,TREATMENT_E,446,Little to no knowledge,Little to no knowledge,I don't know,I don't know,I don't know,I don't know,I don't know,I don't know,Strongly disagree,Strongly disagree,Strongly disagree,,,,,,I don't know,I don't know,I don't know,I don't know,I don't know,,,,,,,,,,,17.901,17.901,103.864,Little to no knowledge,Little to no knowledge,I don't know,I don't know,I don't know,I don't know,I don't know,I don't know,Neutral,Neutral,Neutral,I am already learning AI,,,,,,Neither true nor false,Neither true nor false,Neither true nor false,Neither true nor false,Neither true nor false,,,,,,,,,,,Neutral,Neutral,Slightly,Neutral,Neutral,No,I am not that interested in the AI craze
a1cca06e-6c5b-f111-8fcb-0022486d65a5,TREATMENT_E,674,Basic knowledge,Basic knowledge,Neutral,Agree,Agree,I don't know,Agree,Disagree,Neutral,Neutral,Neutral,,,,,,Definitely true,Probably false,Definitely true,Probably true,Neither true nor false,,,,,,,,,,,10.87,10.87,322.436,Intermediate knowledge,Intermediate knowledge,Strongly disagree,Strongly Agree,Strongly Agree,I don't know,Neutral,Disagree,Agree,Agree,Agree,within this month,,,,,,Probably true,Probably false,Definitely true,Probably true,Neither true nor false,,,,,,,,,,,Satisfied,Satisfied,Not at all,Satisfied,Satisfied,No,
b65a1ed5-6c5b-f111-8fcb-0022486d65a5,TREATMENT_E,1048,Basic knowledge,Expert knowledge,Disagree,Strongly Agree,Strongly Agree,Strongly Agree,Strongly Agree,Strongly Agree,Disagree,Neutral,Strongly disagree,,,,,,Neither true nor false,Neither true nor false,Definitely true,Neither true nor false,Neither true nor false,,,,,,,,,,,30.344,30.344,697.32,Basic knowledge,Expert knowledge,Disagree,Strongly Agree,Strongly Agree,Strongly Agree,Strongly Agree,Strongly Agree,Disagree,Neutral,Strongly disagree,I am not interested in learning AI,,,,,,Definitely false,Neither true nor false,Definitely true,Neither true nor false,Neither true nor false,,,,,,,,,,,Satisfied,Satisfied,Slightly,Satisfied,Satisfied,No,
e24ba068-6c5b-f111-8fcb-0022486d65a5,TREATMENT_E,1264,Intermediate knowledge,Advanced knowledge,Strongly Agree,Disagree,Disagree,Agree,Disagree,Strongly disagree,Strongly Agree,Strongly Agree,Agree,,,,,,Definitely false,Probably true,Probably true,Probably true,Probably true,,,,,,,,,,,11.085,15.261,390.892,Advanced knowledge,Advanced knowledge,Strongly Agree,Agree,Disagree,Strongly disagree,Strongly disagree,Strongly disagree,Agree,Agree,Strongly Agree,I am already learning AI,,,,,,Definitely false,Definitely true,Definitely true,Definitely true,Definitely true,,,,,,,,,,,Satisfied,Very satisfied,Very,Very satisfied,Satisfied,Yes,none
f83019cf-6c5b-f111-8fcb-0022486d65a5,TREATMENT_E,355,Intermediate knowledge,Intermediate knowledge,Disagree,Strongly Agree,Strongly Agree,Agree,Agree,Agree,Agree,Agree,Agree,,,,,,Probably true,Neither true nor false,Definitely true,Probably true,Probably true,,,,,,,,,,,6.385,6.385,174.846,Advanced knowledge,Advanced knowledge,Disagree,Strongly Agree,Strongly Agree,Agree,Agree,Agree,Agree,Agree,Agree,I have learned AI and know enough,,,,,,Probably true,Neither true nor false,Neither true nor false,Probably false,Neither true nor false,,,,,,,,,,,Satisfied,Satisfied,Not at all,Satisfied,Satisfied,Yes,
e4cca06e-6c5b-f111-8fcb-0022486d65a5,TREATMENT_E,1576,Basic knowledge,Basic knowledge,Neutral,Agree,Neutral,I don't know,I don't know,Neutral,Neutral,Neutral,Disagree,,,,,,Neither true nor false,Probably true,Neither true nor false,Neither true nor false,Probably true,,,,,,,,,,,33.766,33.766,773.7,Intermediate knowledge,Basic knowledge,Neutral,Neutral,Neutral,Neutral,I don't know,Neutral,Neutral,Neutral,Disagree,within this month,,,,,,Probably true,Probably true,Probably true,Probably true,Neither true nor false,,,,,,,,,,,Neutral,Satisfied,Slightly,Neutral,Neutral,Yes,nil
18d427db-6c5b-f111-8fcb-0022486d65a5,TREATMENT_E,681,Basic knowledge,Basic knowledge,Strongly disagree,Strongly Agree,Agree,I don't know,I don't know,Strongly disagree,Neutral,Agree,Disagree,,,,,,I don't know,Probably false,Definitely true,Probably false,Probably false,,,,,,,,,,,6.001,6.001,407.222,Basic knowledge,Basic knowledge,Disagree,Strongly Agree,Agree,Agree,I don't know,Strongly disagree,Agree,Agree,Neutral,within the year,,,,,,Probably false,Probably false,Definitely true,Probably false,Probably false,,,,,,,,,,,Neutral,Satisfied,Not at all,Neutral,Neutral,No,
48364c0a-ff5d-f111-8fcb-0022486d65a5,TREATMENT_E,630,Basic knowledge,Intermediate knowledge,Strongly disagree,Agree,Agree,I don't know,I don't know,I don't know,Agree,Agree,Neutral,,,,,,Neither true nor false,Probably false,Definitely true,Probably true,Neither true nor false,,,,,,,,,,,13.917,13.917,353.221,Basic knowledge,Basic knowledge,Strongly disagree,Agree,Strongly Agree,I don't know,I don't know,Disagree,Strongly Agree,Strongly Agree,Strongly Agree,within this month,,,,,,Probably true,Probably false,Definitely true,Probably false,Definitely false,,,,,,,,,,,Satisfied,Satisfied,Not at all,Satisfied,Neutral,Yes,None - this is a much needed game and I pray that this goes into schools because so many kids don't know what they're doing with AI or what can be done with it.  Even I was shocked by the game!
8dde4004-ff5d-f111-8fcb-0022486d65a5,TREATMENT_E,448,Advanced knowledge,Advanced knowledge,Strongly Agree,Strongly disagree,Strongly disagree,Agree,Neutral,Strongly disagree,Strongly Agree,Strongly Agree,Strongly Agree,,,,,,Probably true,Probably true,Neither true nor false,Probably true,Probably true,,,,,,,,,,,9.208,41.408,275.55,Expert knowledge,Expert knowledge,Neutral,Strongly disagree,Strongly disagree,Agree,Disagree,Strongly disagree,Strongly Agree,Strongly Agree,Strongly Agree,I am already learning AI,,,,,,Probably true,Neither true nor false,Probably true,Probably true,Probably true,,,,,,,,,,,Very satisfied,Very satisfied,Not at all,Very satisfied,Very satisfied,No,
465f0bc3-fe5d-f111-8fcb-0022486d65a5,TREATMENT_E,1296,Little to no knowledge,Little to no knowledge,Strongly disagree,Strongly Agree,Strongly Agree,Strongly Agree,Strongly Agree,I don't know,Strongly disagree,Strongly disagree,Strongly disagree,,,,,,Definitely false,Probably false,Definitely true,Probably false,Definitely false,,,,,,,,,,,31.032,47.67,305.229,Little to no knowledge,Little to no knowledge,Strongly disagree,Strongly Agree,Strongly Agree,Strongly Agree,Strongly Agree,Strongly Agree,Strongly disagree,Strongly disagree,Strongly disagree,I am not interested in learning AI,,,,,,Definitely false,Definitely false,Definitely true,Definitely false,Definitely false,,,,,,,,,,,Very dissatisfied,Very dissatisfied,Not at all,Very dissatisfied,Very dissatisfied,No,"A lot of the survay seamed like a waste of time, and the questions were misleading "
ec5b1ed5-6c5b-f111-8fcb-0022486d65a5,TREATMENT_E,614,Basic knowledge,Basic knowledge,I don't know,Agree,Strongly Agree,I don't know,I don't know,Disagree,Agree,Agree,Neutral,,,,,,Probably true,Neither true nor false,Definitely true,Probably false,Probably false,,,,,,,,,,,6.953,15.699,245.452,Basic knowledge,Basic knowledge,Disagree,Agree,Strongly Agree,I don't know,I don't know,Disagree,Agree,Agree,Neutral,I am already learning AI,,,,,,Neither true nor false,Probably false,Definitely true,Probably false,Probably false,,,,,,,,,,,Satisfied,Satisfied,Slightly,Neutral,Satisfied,No,
dd5d0bc3-fe5d-f111-8fcb-0022486d65a5,TREATMENT_E,514,Intermediate knowledge,Intermediate knowledge,Neutral,Neutral,Strongly Agree,Neutral,Agree,Agree,Agree,Agree,Agree,,,,,,Probably false,Probably false,Probably true,Probably true,Neither true nor false,,,,,,,,,,,0.893,12.056,340.075,Intermediate knowledge,Intermediate knowledge,Neutral,Agree,Strongly Agree,Neutral,Strongly Agree,Agree,Agree,Agree,Agree,within the next few months,,,,,,Probably false,Probably false,Probably true,Probably true,Neither true nor false,,,,,,,,,,,Satisfied,Satisfied,Moderately,Satisfied,Satisfied,No,
fc860cc2-c55e-f111-8fcb-0022486d65a5,TREATMENT_E,457,Basic knowledge,Basic knowledge,Agree,Neutral,Agree,Agree,Agree,Neutral,Neutral,Agree,Agree,,,,,,Neither true nor false,Probably true,Probably true,Probably false,Probably false,,,,,,,,,,,10.628,118.104,128.64,Basic knowledge,Basic knowledge,Neutral,Neutral,Agree,Agree,Agree,Neutral,Agree,Agree,Agree,within the year,,,,,,Probably true,Probably false,Neither true nor false,Probably false,Neither true nor false,,,,,,,,,,,Neutral,Neutral,Slightly,Satisfied,Neutral,No,
6a32f7bb-c55e-f111-8fcb-0022486d65a5,TREATMENT_E,3590,Little to no knowledge,Little to no knowledge,Disagree,Disagree,Disagree,I don't know,I don't know,Disagree,Neutral,Neutral,Disagree,,,,,,Neither true nor false,Neither true nor false,Probably true,Definitely false,Neither true nor false,,,,,,,,,,,8.665,8.665,292.45,Little to no knowledge,Little to no knowledge,Disagree,Disagree,Disagree,I don't know,I don't know,Disagree,Neutral,Neutral,Disagree,within the year,,,,,,Neither true nor false,Probably false,Probably true,Probably true,Neither true nor false,,,,,,,,,,,Dissatisfied,Dissatisfied,Slightly,Dissatisfied,Neutral,No,none
4e0bc9f4-c55e-f111-8fcb-0022486d65a5,TREATMENT_E,367,Intermediate knowledge,Intermediate knowledge,Disagree,Neutral,Agree,Agree,Agree,Neutral,Agree,Neutral,Neutral,,,,,,Probably false,Probably false,Probably true,Probably true,Neither true nor false,,,,,,,,,,,8.685,12.705,175.379,Intermediate knowledge,Intermediate knowledge,Neutral,Agree,Agree,Neutral,Agree,Neutral,Agree,Neutral,Neutral,within the next few months,,,,,,Probably false,Probably false,Probably true,Neither true nor false,Neither true nor false,,,,,,,,,,,Neutral,Dissatisfied,Moderately,Neutral,Neutral,No,it may be a bit confusing
ae30f7bb-c55e-f111-8fcb-0022486d65a5,TREATMENT_E,295,Basic knowledge,Basic knowledge,Disagree,Disagree,Disagree,Disagree,Strongly disagree,Strongly disagree,Agree,Agree,Agree,,,,,,Probably true,Probably true,Probably true,Probably true,Probably false,,,,,,,,,,,8.997,111.631,134.473,Intermediate knowledge,Intermediate knowledge,Disagree,Neutral,Disagree,Strongly disagree,Strongly disagree,Strongly disagree,Agree,Agree,Agree,within the year,,,,,,Probably true,Probably false,Definitely true,Neither true nor false,Probably false,,,,,,,,,,,Satisfied,Satisfied,Not at all,Neutral,Dissatisfied,Yes,
d6822193-4d5f-f111-8fcb-0022486d65a5,TREATMENT_E,562,Intermediate knowledge,Intermediate knowledge,Disagree,Disagree,Agree,Agree,Disagree,Disagree,Agree,Strongly Agree,Strongly Agree,,,,,,Probably true,Probably false,Probably true,Probably false,Probably false,,,,,,,,,,,11.396,214.502,215.681,Intermediate knowledge,Intermediate knowledge,Disagree,Strongly disagree,Agree,Agree,Disagree,Disagree,Agree,Strongly Agree,Strongly Agree,within the next few months,,,,,,Probably false,Probably false,Probably true,Probably false,Probably false,,,,,,,,,,,Satisfied,Satisfied,Not at all,Dissatisfied,Satisfied,No,
3f63a7ea-4d5f-f111-8fcb-0022486d65a5,TREATMENT_E,1818,Basic knowledge,Basic knowledge,Disagree,I don't know,Agree,I don't know,I don't know,Strongly disagree,Neutral,Neutral,Disagree,,,,,,Probably true,Probably true,Definitely true,I don't know,Definitely false,,,,,,,,,,,0,0,739.13,Little to no knowledge,Little to no knowledge,Strongly disagree,Agree,Strongly Agree,I don't know,I don't know,Disagree,Disagree,Neutral,Strongly disagree,within the year,,,,,,Probably true,I don't know,Definitely true,I don't know,I don't know,,,,,,,,,,,Neutral,Neutral,Slightly,Neutral,Neutral,No,
261324a5-4d5f-f111-8fcb-0022486d65a5,TREATMENT_E,604,Little to no knowledge,Little to no knowledge,Strongly disagree,Strongly disagree,Strongly disagree,Strongly disagree,Strongly disagree,Neutral,Strongly disagree,Strongly disagree,Strongly disagree,,,,,,Definitely false,Definitely false,Definitely true,Probably true,Definitely false,,,,,,,,,,,17.393,29.495,167.447,Little to no knowledge,Little to no knowledge,Strongly disagree,Strongly disagree,Strongly disagree,Strongly Agree,Agree,Strongly disagree,Strongly disagree,Strongly disagree,Strongly disagree,I am not interested in learning AI,,,,,,Definitely false,Definitely false,Definitely true,Probably true,Definitely false,,,,,,,,,,,Neutral,Neutral,Not at all,Neutral,Neutral,No,
2a822193-4d5f-f111-8fcb-0022486d65a5,TREATMENT_E,370,Advanced knowledge,Advanced knowledge,Agree,Neutral,Neutral,Neutral,Strongly disagree,Strongly disagree,Strongly Agree,Strongly Agree,Strongly Agree,,,,,,Definitely true,Probably true,Neither true nor false,Probably false,Probably true,,,,,,,,,,,2.833,13.855,133.161,Basic knowledge,Basic knowledge,Strongly Agree,Neutral,Neutral,Disagree,Disagree,Disagree,Strongly Agree,Strongly Agree,Strongly Agree,within this week,,,,,,Definitely true,Probably true,Neither true nor false,Probably false,Probably true,,,,,,,,,,,Satisfied,Satisfied,Not at all,Satisfied,Satisfied,No,
3533eedd-4d5f-f111-8fcb-0022486d65a5,TREATMENT_E,714,Basic knowledge,Basic knowledge,Neutral,Agree,Agree,I don't know,Neutral,Neutral,Agree,Agree,Agree,,,,,,Probably true,Probably true,Definitely true,Probably false,Neither true nor false,,,,,,,,,,,16.2,43.216,256.299,Little to no knowledge,Little to no knowledge,Neutral,Agree,Agree,I don't know,I don't know,Disagree,Strongly Agree,Strongly Agree,Strongly Agree,within the next few months,,,,,,Probably true,Neither true nor false,Definitely true,Neither true nor false,Neither true nor false,,,,,,,,,,,Neutral,Neutral,Not at all,Neutral,Neutral,No,
87c2e3d7-4d5f-f111-8fcb-0022486d65a5,TREATMENT_E,984,Advanced knowledge,Advanced knowledge,Agree,Agree,Strongly disagree,Strongly disagree,Strongly disagree,Strongly disagree,Strongly Agree,Strongly Agree,Strongly Agree,,,,,,Definitely true,Definitely true,Definitely true,Definitely true,Definitely true,,,,,,,,,,,12.369,55.34,457.013,Advanced knowledge,Advanced knowledge,Strongly Agree,Strongly Agree,Strongly disagree,Strongly disagree,Strongly disagree,Strongly disagree,Strongly Agree,Strongly Agree,Strongly Agree,within this week,,,,,,Definitely true,Definitely true,Definitely true,Definitely true,Definitely true,,,,,,,,,,,Very satisfied,Very satisfied,Extremely,Very satisfied,Very satisfied,Yes,no single form of discomforts
02151e99-4d5f-f111-8fcb-0022486d65a5,TREATMENT_E,494,Intermediate knowledge,Intermediate knowledge,Neutral,Agree,Agree,I don't know,Neutral,Disagree,Agree,Agree,Agree,,,,,,Probably true,Neither true nor false,Definitely true,Probably false,Neither true nor false,,,,,,,,,,,18.955,19.72,201.195,Intermediate knowledge,Intermediate knowledge,Neutral,Agree,Agree,I don't know,Neutral,Disagree,Agree,Agree,Agree,within this month,,,,,,Probably true,Neither true nor false,Definitely true,Probably false,Neither true nor false,,,,,,,,,,,Satisfied,Satisfied,Moderately,Satisfied,Neutral,No,
fa171e99-4d5f-f111-8fcb-0022486d65a5,TREATMENT_E,470,Basic knowledge,Basic knowledge,Strongly Agree,Agree,Strongly Agree,Strongly Agree,Strongly Agree,Strongly Agree,Agree,Agree,Agree,,,,,,Probably true,Probably true,Probably true,Probably true,Probably true,,,,,,,,,,,7.371,10.264,272.943,Advanced knowledge,Advanced knowledge,Neutral,Neutral,Neutral,Strongly Agree,Strongly Agree,Strongly Agree,Neutral,Neutral,Neutral,I am already learning AI,,,,,,Probably true,Probably true,Neither true nor false,Probably true,Probably true,,,,,,,,,,,Satisfied,Neutral,Moderately,Neutral,Neutral,No,
64c1e3d7-4d5f-f111-8fcb-0022486d65a5,TREATMENT_E,550,Advanced knowledge,Expert knowledge,Strongly disagree,Strongly Agree,Strongly disagree,Strongly Agree,Disagree,Strongly disagree,Strongly disagree,Strongly disagree,Strongly disagree,,,,,,Probably false,Definitely false,Definitely true,Probably false,Definitely false,,,,,,,,,,,10.985,27.118,288.69,Intermediate knowledge,Expert knowledge,Strongly disagree,Strongly Agree,Disagree,Strongly Agree,Strongly disagree,Disagree,Strongly Agree,Strongly Agree,Strongly Agree,within this week,,,,,,Definitely false,Definitely false,Definitely true,Probably false,Definitely false,,,,,,,,,,,Very satisfied,Satisfied,Not at all,Dissatisfied,Neutral,No,none
e3141e99-4d5f-f111-8fcb-0022486d65a5,TREATMENT_E,1158,Basic knowledge,Basic knowledge,Neutral,Neutral,Agree,I don't know,Agree,Neutral,Agree,Strongly Agree,Agree,,,,,,Neither true nor false,Probably true,Definitely true,Neither true nor false,Probably true,,,,,,,,,,,3.412,295.797,296.49,Basic knowledge,Basic knowledge,Strongly disagree,Neutral,Agree,Agree,Agree,Neutral,Strongly Agree,Agree,Strongly Agree,I am already learning AI,,,,,,Neither true nor false,Neither true nor false,Definitely true,Neither true nor false,Neither true nor false,,,,,,,,,,,Very satisfied,Very satisfied,Not at all,Very satisfied,Very satisfied,Yes,
8e364c0a-ff5d-f111-8fcb-0022486d65a5,TREATMENT_E,919,Advanced knowledge,Advanced knowledge,Strongly disagree,Strongly Agree,Disagree,Agree,Disagree,Strongly disagree,Strongly Agree,Strongly Agree,Strongly Agree,,,,,,Definitely true,Neither true nor false,Definitely true,Definitely true,Neither true nor false,,,,,,,,,,,16.981,16.981,389.681,Intermediate knowledge,Advanced knowledge,Strongly disagree,Strongly Agree,Disagree,Agree,Disagree,Strongly disagree,Strongly Agree,Strongly Agree,Strongly Agree,I am already learning AI,,,,,,Probably true,Neither true nor false,Definitely true,Definitely true,Probably false,,,,,,,,,,,Neutral,Dissatisfied,Slightly,Dissatisfied,Dissatisfied,No,There were too many steps for an adhd brain so I feel that this isn't accessible to all while the concept is good. 
371e189f-4d5f-f111-8fcb-0022486d65a5,TREATMENT_E,1762,Advanced knowledge,Advanced knowledge,Neutral,Disagree,Strongly Agree,Neutral,Disagree,Disagree,Agree,Agree,Agree,,,,,,Probably true,Definitely true,Neither true nor false,Probably true,Probably true,,,,,,,,,,,37.422,108.432,417.945,Advanced knowledge,Advanced knowledge,Agree,Agree,Strongly Agree,Disagree,Disagree,Agree,Agree,Agree,Agree,within the year,,,,,,Probably true,Probably true,Neither true nor false,Probably true,Probably true,,,,,,,,,,,Satisfied,Satisfied,Moderately,Neutral,Neutral,No,
2733eedd-4d5f-f111-8fcb-0022486d65a5,TREATMENT_E,1052,Little to no knowledge,Basic knowledge,Strongly disagree,Strongly Agree,Strongly Agree,I don't know,Disagree,Disagree,Neutral,Neutral,Neutral,,,,,,Probably true,Probably false,Probably true,Probably false,Probably false,,,,,,,,,,,15.698,15.698,485.888,Little to no knowledge,Basic knowledge,Strongly disagree,Strongly Agree,Strongly Agree,I don't know,Disagree,Disagree,Neutral,Neutral,Neutral,I am already learning AI,,,,,,Probably true,Probably false,I don't know,Probably false,Probably false,,,,,,,,,,,Neutral,Satisfied,Slightly,Dissatisfied,Dissatisfied,No,
d109c9f4-c55e-f111-8fcb-0022486d65a5,TREATMENT_E,1553,Little to no knowledge,Little to no knowledge,Strongly disagree,Strongly Agree,Agree,Neutral,Strongly Agree,Strongly Agree,Agree,Strongly disagree,Disagree,,,,,,Probably true,Definitely false,Definitely true,Probably false,Definitely false,,,,,,,,,,,6.746,195.258,252.934,Intermediate knowledge,Intermediate knowledge,Strongly disagree,Agree,Strongly Agree,Agree,Strongly Agree,Strongly Agree,Agree,Strongly disagree,Strongly disagree,I am not interested in learning AI,,,,,,Probably false,Definitely false,Neither true nor false,Probably false,Definitely false,,,,,,,,,,,Satisfied,Satisfied,Very,Satisfied,Satisfied,No,i liked the game music and art
574aa068-6c5b-f111-8fcb-0022486d65a5,TREATMENT_H,579,Basic knowledge,Expert knowledge,Strongly disagree,Strongly Agree,Strongly Agree,Strongly Agree,Strongly Agree,Strongly Agree,Strongly disagree,Agree,Strongly disagree,,,,,,,,,,,Definitely false,Definitely false,Definitely false,Definitely false,Definitely false,,,,,,6.403,6.403,165.084,Basic knowledge,Expert knowledge,Strongly disagree,Strongly Agree,Strongly Agree,Strongly Agree,Strongly Agree,Strongly Agree,Strongly disagree,Agree,Strongly disagree,I am not interested in learning AI,,,,,,,,,,,Definitely false,Definitely false,Definitely false,Definitely false,Definitely false,,,,,,Dissatisfied,Satisfied,Not at all,Neutral,Neutral,No,
85cca06e-6c5b-f111-8fcb-0022486d65a5,TREATMENT_H,1652,Intermediate knowledge,Basic knowledge,Neutral,Neutral,Agree,I don't know,I don't know,Disagree,Agree,Agree,Agree,,,,,,,,,,,I don't know,Definitely true,I don't know,Probably true,Probably true,,,,,,21.872,33.601,905.39,Intermediate knowledge,Intermediate knowledge,Neutral,Agree,Agree,Agree,I don't know,Disagree,Agree,Agree,Agree,within this month,,,,,,,,,,,Neither true nor false,Definitely true,Probably true,Probably true,Probably true,,,,,,Satisfied,Satisfied,Moderately,Satisfied,Neutral,No,N/A
a44aa068-6c5b-f111-8fcb-0022486d65a5,TREATMENT_H,379,Intermediate knowledge,Intermediate knowledge,Agree,Neutral,Neutral,Neutral,Agree,Strongly Agree,Neutral,Disagree,Neutral,,,,,,,,,,,Probably true,Neither true nor false,Neither true nor false,Probably true,Probably true,,,,,,3.88,85.654,306.735,Intermediate knowledge,Intermediate knowledge,Agree,Neutral,Agree,Neutral,Strongly Agree,Agree,Disagree,Disagree,Agree,I am already learning AI,,,,,,,,,,,Definitely true,Probably true,Probably true,Probably true,Definitely true,,,,,,Satisfied,Dissatisfied,Slightly,Neutral,Dissatisfied,No,
523319cf-6c5b-f111-8fcb-0022486d65a5,TREATMENT_H,892,Intermediate knowledge,Basic knowledge,Neutral,Strongly Agree,Strongly Agree,Agree,Agree,Agree,Agree,Agree,Neutral,,,,,,,,,,,Probably true,Probably true,Probably true,Probably true,Definitely true,,,,,,9.488,18.181,419.373,Intermediate knowledge,Intermediate knowledge,Agree,Strongly Agree,Strongly Agree,Strongly Agree,Strongly Agree,Strongly Agree,Agree,Agree,Agree,within this week,,,,,,,,,,,Probably true,Neither true nor false,Probably true,Neither true nor false,Probably true,,,,,,Very satisfied,Very satisfied,Very,Very satisfied,Very satisfied,Yes,
00cda06e-6c5b-f111-8fcb-0022486d65a5,TREATMENT_H,1680,Basic knowledge,Basic knowledge,Disagree,Agree,Agree,I don't know,I don't know,Disagree,Agree,Neutral,Neutral,,,,,,,,,,,Probably false,Neither true nor false,Probably true,Probably false,I don't know,,,,,,31.185,31.185,178.218,Basic knowledge,Basic knowledge,Neutral,Agree,Agree,Neutral,I don't know,Disagree,Agree,Neutral,Neutral,within the year,,,,,,,,,,,Probably false,Neither true nor false,Probably true,Neither true nor false,I don't know,,,,,,Dissatisfied,Neutral,Slightly,Neutral,Satisfied,No,The process of choosing a portion of the game (A or B) is not exactly helpful as I did not know what I was getting into in the first place. Improving or simplifing the game play instruction set would be helpful.
375c1ed5-6c5b-f111-8fcb-0022486d65a5,TREATMENT_H,694,Little to no knowledge,Little to no knowledge,Strongly disagree,Agree,Agree,I don't know,I don't know,I don't know,Strongly disagree,Strongly disagree,Strongly disagree,,,,,,,,,,,Definitely false,Probably false,I don't know,Probably false,I don't know,,,,,,8.992,8.992,395.868,Little to no knowledge,Little to no knowledge,Strongly disagree,Agree,Agree,I don't know,I don't know,I don't know,Disagree,Disagree,Disagree,I am not interested in learning AI,,,,,,,,,,,Definitely false,Probably false,I don't know,Probably false,I don't know,,,,,,Neutral,Neutral,Moderately,Neutral,Neutral,No,
0a4d13bd-fe5d-f111-8fcb-0022486d65a5,TREATMENT_H,710,Advanced knowledge,Intermediate knowledge,Agree,Neutral,Strongly Agree,Neutral,Neutral,Disagree,Agree,Agree,Agree,,,,,,,,,,,Neither true nor false,Probably false,Neither true nor false,Probably true,Neither true nor false,,,,,,5.457,15.176,226.44,Intermediate knowledge,Intermediate knowledge,Neutral,Neutral,Agree,Neutral,Neutral,Strongly disagree,Agree,Agree,Agree,I am already learning AI,,,,,,,,,,,Neither true nor false,Probably true,Neither true nor false,Probably true,Neither true nor false,,,,,,Satisfied,Satisfied,Slightly,Satisfied,Neutral,Yes,EVERYTHING WAS GOOD ENOUGH TO EVALUATE
bb4c13bd-fe5d-f111-8fcb-0022486d65a5,TREATMENT_H,729,Intermediate knowledge,Intermediate knowledge,Disagree,Agree,Agree,Agree,Neutral,Disagree,Agree,Agree,Agree,,,,,,,,,,,Probably false,Definitely false,Probably false,Probably false,Probably false,,,,,,19.847,19.847,449.458,Intermediate knowledge,Intermediate knowledge,Disagree,Agree,Agree,Agree,Neutral,Disagree,Agree,Agree,Agree,within the next few months,,,,,,,,,,,Definitely false,Probably false,Probably false,Probably false,Definitely false,,,,,,Satisfied,Satisfied,Moderately,Neutral,Satisfied,Yes,
84344c0a-ff5d-f111-8fcb-0022486d65a5,TREATMENT_H,414,Basic knowledge,Basic knowledge,Agree,Agree,Disagree,Agree,Neutral,Disagree,Strongly Agree,Strongly Agree,Strongly Agree,,,,,,,,,,,Probably true,Probably true,Probably true,Neither true nor false,Probably true,,,,,,13.36,16.449,253.995,Little to no knowledge,Little to no knowledge,Strongly Agree,Neutral,Neutral,Agree,Agree,Disagree,Strongly Agree,Strongly Agree,Strongly Agree,within the next few months,,,,,,,,,,,Neither true nor false,Probably true,Probably true,Neither true nor false,Definitely true,,,,,,Satisfied,Satisfied,Moderately,Satisfied,Satisfied,No,"it was a chaotic design, too much visually going on"
288e9c16-ff5d-f111-8fcb-0022486d65a5,TREATMENT_H,1579,Little to no knowledge,Little to no knowledge,Strongly disagree,Neutral,Strongly Agree,Neutral,Agree,Neutral,Disagree,Disagree,Neutral,,,,,,,,,,,Probably false,Definitely false,Probably false,Probably false,Neither true nor false,,,,,,29.424,73.899,737.094,Little to no knowledge,Little to no knowledge,Disagree,Neutral,Strongly Agree,Agree,Agree,Agree,Neutral,Agree,Agree,within the year,,,,,,,,,,,Probably false,Definitely false,I don't know,Probably false,Probably true,,,,,,Satisfied,Satisfied,Not at all,Satisfied,Neutral,No,"no discomfort, just a realization of how the AI interprets things that are said"
484d13bd-fe5d-f111-8fcb-0022486d65a5,TREATMENT_H,736,Basic knowledge,Basic knowledge,Neutral,Disagree,Disagree,Neutral,Neutral,Strongly disagree,Agree,Agree,Agree,,,,,,,,,,,Probably true,Neither true nor false,Neither true nor false,Probably true,Probably false,,,,,,16.553,26.153,405.707,Basic knowledge,Basic knowledge,Neutral,Disagree,Neutral,Agree,Neutral,Disagree,Agree,Agree,Agree,I am already learning AI,,,,,,,,,,,Neither true nor false,Neither true nor false,Probably true,Neither true nor false,Probably false,,,,,,Satisfied,Very satisfied,Not at all,Satisfied,Satisfied,Yes,no concerns. Was an interesting way to do a survey. Kept my attention.
37de4004-ff5d-f111-8fcb-0022486d65a5,TREATMENT_H,342,Advanced knowledge,Intermediate knowledge,Agree,Neutral,Neutral,I don't know,Strongly Agree,Strongly Agree,Neutral,Agree,Neutral,,,,,,,,,,,Definitely false,Probably false,Neither true nor false,I don't know,Definitely true,,,,,,7.417,7.417,201.972,Advanced knowledge,Basic knowledge,Strongly disagree,Disagree,Neutral,Neutral,I don't know,Strongly Agree,Strongly disagree,Disagree,Agree,within the next few months,,,,,,,,,,,Probably false,Definitely true,Probably true,Definitely true,Neither true nor false,,,,,,Very dissatisfied,Satisfied,Moderately,Satisfied,Dissatisfied,No,
b632f7bb-c55e-f111-8fcb-0022486d65a5,TREATMENT_H,686,Basic knowledge,Intermediate knowledge,Disagree,Agree,Strongly Agree,I don't know,I don't know,I don't know,Agree,Agree,Agree,,,,,,,,,,,Probably true,Probably true,Definitely true,Definitely true,Neither true nor false,,,,,,18.623,353.685,354.522,Basic knowledge,Intermediate knowledge,Disagree,Agree,Strongly Agree,Agree,Neutral,I don't know,Agree,Agree,Agree,within the next few months,,,,,,,,,,,Neither true nor false,Probably false,Neither true nor false,Probably true,Neither true nor false,,,,,,Very satisfied,Very satisfied,Moderately,Satisfied,Neutral,No,
d1860cc2-c55e-f111-8fcb-0022486d65a5,TREATMENT_H,1435,Advanced knowledge,Intermediate knowledge,Neutral,Agree,Agree,Agree,Agree,Disagree,Agree,Agree,Agree,,,,,,,,,,,Definitely false,Neither true nor false,Probably false,Probably false,Probably false,,,,,,18.032,18.24,895.09,Advanced knowledge,Intermediate knowledge,Disagree,Agree,Agree,Agree,Agree,Neutral,Strongly Agree,Agree,Agree,within the next few months,,,,,,,,,,,Probably false,Probably false,Probably false,Probably false,Definitely false,,,,,,Satisfied,Satisfied,Not at all,Satisfied,Neutral,Yes,the graphics are very original
62860cc2-c55e-f111-8fcb-0022486d65a5,TREATMENT_H,1833,Little to no knowledge,Little to no knowledge,I don't know,I don't know,I don't know,I don't know,I don't know,I don't know,Strongly disagree,Strongly disagree,Strongly disagree,,,,,,,,,,,I don't know,Neither true nor false,Neither true nor false,Neither true nor false,Definitely false,,,,,,60.146,60.146,788.119,Little to no knowledge,Little to no knowledge,Strongly disagree,Strongly Agree,Strongly Agree,Agree,Agree,Neutral,Neutral,Neutral,Neutral,I am not interested in learning AI,,,,,,,,,,,Neither true nor false,Neither true nor false,Neither true nor false,Probably false,Probably false,,,,,,Neutral,Satisfied,Slightly,Neutral,Neutral,No,Not fun
ec5e0bc3-fe5d-f111-8fcb-0022486d65a5,TREATMENT_H,1105,Basic knowledge,Intermediate knowledge,Disagree,Strongly Agree,Agree,Neutral,Neutral,Neutral,Neutral,Neutral,Neutral,,,,,,,,,,,Probably false,Probably false,Probably false,Probably false,I don't know,,,,,,41.03,98.99,536.143,Basic knowledge,Little to no knowledge,Disagree,Agree,Neutral,Neutral,Neutral,Neutral,Neutral,Neutral,Neutral,within the year,,,,,,,,,,,Probably false,Probably false,Probably false,Probably false,Probably false,,,,,,Neutral,Neutral,Moderately,Neutral,Neutral,No,
37531b8d-4d5f-f111-8fcb-0022486d65a5,TREATMENT_H,502,Intermediate knowledge,Intermediate knowledge,Neutral,Neutral,Neutral,Neutral,Neutral,Neutral,Neutral,Neutral,Neutral,,,,,,,,,,,Neither true nor false,Neither true nor false,Neither true nor false,Neither true nor false,Neither true nor false,,,,,,12.686,16.354,331.535,Intermediate knowledge,Intermediate knowledge,Neutral,Neutral,Neutral,Neutral,Neutral,Neutral,Neutral,Neutral,Neutral,within the year,,,,,,,,,,,Neither true nor false,Neither true nor false,Neither true nor false,Neither true nor false,Neither true nor false,,,,,,Neutral,Neutral,Moderately,Neutral,Neutral,Yes,Ntg
0b802193-4d5f-f111-8fcb-0022486d65a5,TREATMENT_H,1084,Basic knowledge,Basic knowledge,Agree,Agree,Disagree,Agree,Strongly disagree,Neutral,Agree,Agree,Strongly Agree,,,,,,,,,,,Probably true,Definitely true,Definitely true,Definitely true,Probably true,,,,,,0.743,120.92,121.506,Basic knowledge,Basic knowledge,Neutral,Neutral,Strongly disagree,Agree,Strongly disagree,Neutral,Agree,Strongly Agree,Strongly Agree,I am already learning AI,,,,,,,,,,,Definitely true,I don't know,I don't know,Definitely true,Definitely true,,,,,,Satisfied,Very satisfied,Moderately,Very satisfied,Satisfied,No,I don't have any discontent 
551e189f-4d5f-f111-8fcb-0022486d65a5,TREATMENT_H,435,Intermediate knowledge,Intermediate knowledge,Agree,Neutral,Agree,Neutral,Neutral,Disagree,Strongly Agree,Strongly Agree,Strongly Agree,,,,,,,,,,,Probably true,Probably true,Definitely true,Definitely true,Definitely true,,,,,,15.736,15.736,198.43,Basic knowledge,Basic knowledge,Agree,Agree,Agree,Agree,Agree,Disagree,Agree,Agree,Agree,I am already learning AI,,,,,,,,,,,Probably true,Neither true nor false,Probably true,Probably true,Probably true,,,,,,Satisfied,Satisfied,Moderately,Satisfied,Satisfied,No,
180bc9f4-c55e-f111-8fcb-0022486d65a5,TREATMENT_H,457,Intermediate knowledge,Intermediate knowledge,Neutral,Neutral,Agree,Neutral,Agree,Neutral,Agree,Neutral,Neutral,,,,,,,,,,,Probably false,Probably false,Probably false,Probably false,Probably false,,,,,,5.811,5.811,186.403,Basic knowledge,Basic knowledge,Disagree,Agree,Agree,Disagree,Disagree,Disagree,Agree,Agree,Neutral,within the year,,,,,,,,,,,Probably false,Neither true nor false,Neither true nor false,Probably true,Probably true,,,,,,Satisfied,Satisfied,Slightly,Satisfied,Neutral,No,
011324a5-4d5f-f111-8fcb-0022486d65a5,TREATMENT_H,1998,Basic knowledge,Little to no knowledge,Neutral,Strongly Agree,Strongly Agree,I don't know,I don't know,Disagree,Disagree,Agree,Neutral,,,,,,,,,,,I don't know,I don't know,Probably true,Probably false,Definitely true,,,,,,33.074,33.074,177.301,Basic knowledge,Little to no knowledge,Disagree,Strongly Agree,Agree,I don't know,Neutral,Agree,Agree,Agree,Neutral,within the year,,,,,,,,,,,Neither true nor false,I don't know,Probably true,Definitely false,Probably true,,,,,,Satisfied,Neutral,Slightly,Neutral,Neutral,No,
26181e99-4d5f-f111-8fcb-0022486d65a5,TREATMENT_H,525,Expert knowledge,Expert knowledge,Neutral,Neutral,Disagree,Disagree,Strongly disagree,Disagree,Agree,Agree,Agree,,,,,,,,,,,Probably true,Definitely true,Definitely true,Definitely true,Definitely true,,,,,,3.241,14.505,129.68,Expert knowledge,Expert knowledge,Neutral,Neutral,Disagree,Disagree,Disagree,Disagree,Agree,Agree,Agree,I am already learning AI,,,,,,,,,,,Definitely true,Definitely true,Definitely true,Definitely true,Definitely true,,,,,,Neutral,Neutral,Moderately,Neutral,Neutral,No,
1e531b8d-4d5f-f111-8fcb-0022486d65a5,TREATMENT_H,604,Advanced knowledge,Advanced knowledge,Disagree,Neutral,Agree,Neutral,Agree,Neutral,Disagree,Disagree,Disagree,,,,,,,,,,,Probably false,Probably false,Probably false,Probably false,Probably false,,,,,,7.363,27.949,146.865,Advanced knowledge,Advanced knowledge,Disagree,Neutral,Neutral,Agree,Agree,Agree,Disagree,Disagree,Neutral,I am already learning AI,,,,,,,,,,,Neither true nor false,Neither true nor false,Neither true nor false,Neither true nor false,Neither true nor false,,,,,,Neutral,Neutral,Moderately,Neutral,Neutral,No,none
71161e99-4d5f-f111-8fcb-0022486d65a5,TREATMENT_H,470,Intermediate knowledge,Intermediate knowledge,Neutral,Neutral,Agree,Agree,Agree,Disagree,Agree,Agree,Agree,,,,,,,,,,,Probably true,Probably false,Probably true,Probably true,Probably false,,,,,,10.461,13.957,275.872,Intermediate knowledge,Intermediate knowledge,Neutral,Disagree,Agree,Agree,Agree,Disagree,Agree,Agree,Agree,within the year,,,,,,,,,,,Probably true,Probably false,Probably true,Probably true,Probably false,,,,,,Satisfied,Satisfied,Slightly,Satisfied,Neutral,No,
5e161e99-4d5f-f111-8fcb-0022486d65a5,TREATMENT_H,1415,Basic knowledge,Intermediate knowledge,Disagree,Strongly Agree,Strongly Agree,I don't know,I don't know,Disagree,Agree,Agree,Agree,,,,,,,,,,,Neither true nor false,Probably true,Probably true,Neither true nor false,Neither true nor false,,,,,,5.5,5.5,275.174,Intermediate knowledge,Intermediate knowledge,Disagree,Strongly Agree,Strongly Agree,Agree,Neutral,Disagree,Agree,Agree,Agree,within the year,,,,,,,,,,,Probably true,Probably true,Probably true,Neither true nor false,Probably false,,,,,,Very satisfied,Satisfied,Slightly,Neutral,Dissatisfied,No,N/A
f27f2193-4d5f-f111-8fcb-0022486d65a5,TREATMENT_H,487,Basic knowledge,Basic knowledge,Disagree,Agree,Neutral,I don't know,I don't know,Strongly disagree,Neutral,Neutral,Neutral,,,,,,,,,,,Definitely false,Probably true,Neither true nor false,Neither true nor false,Neither true nor false,,,,,,8.15,9.897,236.905,Basic knowledge,Basic knowledge,Disagree,Strongly Agree,Neutral,Agree,Agree,Disagree,Agree,Agree,Neutral,I am not interested in learning AI,,,,,,,,,,,Definitely false,Probably false,Neither true nor false,Neither true nor false,Neither true nor false,,,,,,Neutral,Satisfied,Moderately,Neutral,Neutral,No,
875cd6fa-c55e-f111-8fcb-0022486d65a5,TREATMENT_H,1189,Intermediate knowledge,Basic knowledge,Disagree,Neutral,Neutral,I don't know,Neutral,Strongly disagree,Agree,Disagree,Disagree,,,,,,,,,,,Probably false,Neither true nor false,Neither true nor false,Probably true,Neither true nor false,,,,,,16.624,234.969,667.189,Basic knowledge,Basic knowledge,Disagree,Agree,Disagree,Agree,Neutral,Disagree,Neutral,Disagree,Disagree,I am already learning AI,,,,,,,,,,,Definitely false,Definitely false,Probably false,Definitely false,Probably false,,,,,,Satisfied,Very satisfied,Moderately,Satisfied,Satisfied,No,"Interesting, made me realize AI isn't as safe as we seem to think even when it comes to medical chatbots..."
d85e0bc3-fe5d-f111-8fcb-0022486d65a5,TREATMENT_H,1363,Basic knowledge,Basic knowledge,Disagree,Agree,Agree,Neutral,Neutral,Disagree,Agree,Agree,Agree,,,,,,,,,,,Probably false,Neither true nor false,Probably true,Probably true,Probably true,,,,,,7.684,785.98,1055.731,Basic knowledge,Basic knowledge,Neutral,Agree,Agree,Neutral,Neutral,Disagree,Agree,Agree,Agree,I am already learning AI,,,,,,,,,,,Probably false,Probably false,Neither true nor false,Neither true nor false,Neither true nor false,,,,,,Neutral,Neutral,Slightly,Neutral,Neutral,No,
7d5f0bc3-fe5d-f111-8fcb-0022486d65a5,TREATMENT_H,783,Intermediate knowledge,Basic knowledge,Disagree,Neutral,Agree,Neutral,Strongly Agree,I don't know,Strongly disagree,Strongly disagree,Strongly disagree,,,,,,,,,,,Probably true,Neither true nor false,Probably true,Neither true nor false,Probably true,,,,,,13.1,13.1,496.186,Intermediate knowledge,Basic knowledge,Strongly disagree,I don't know,Neutral,Strongly Agree,Strongly Agree,Neutral,Strongly disagree,Strongly disagree,Strongly disagree,within this month,,,,,,,,,,,Neither true nor false,Definitely false,Neither true nor false,Probably true,Neither true nor false,,,,,,Satisfied,Satisfied,Moderately,Satisfied,Very satisfied,No,
5fde4004-ff5d-f111-8fcb-0022486d65a5,TREATMENT_H,451,Expert knowledge,Expert knowledge,Strongly disagree,Strongly Agree,Strongly Agree,I don't know,Strongly Agree,Strongly Agree,Agree,Agree,Neutral,,,,,,,,,,,Definitely false,Definitely false,Definitely false,Definitely false,Definitely false,,,,,,8.137,8.137,256.118,Expert knowledge,Expert knowledge,Strongly disagree,Strongly Agree,Strongly Agree,Strongly Agree,Strongly Agree,Strongly Agree,Strongly Agree,Strongly Agree,Strongly Agree,within this week,,,,,,,,,,,Definitely false,Definitely false,Definitely false,Definitely false,Definitely false,,,,,,Very satisfied,Very satisfied,Not at all,Very satisfied,Very satisfied,Yes,
7fd327db-6c5b-f111-8fcb-0022486d65a5,TREATMENT_H,1123,Basic knowledge,Basic knowledge,Strongly disagree,Strongly Agree,Agree,I don't know,I don't know,Agree,Agree,Agree,Agree,,,,,,,,,,,Neither true nor false,Neither true nor false,I don't know,Probably true,Probably true,,,,,,13.478,13.478,614.512,Basic knowledge,Basic knowledge,Strongly disagree,Strongly Agree,Agree,Agree,Agree,Agree,Agree,Agree,Agree,within the next few months,,,,,,,,,,,Neither true nor false,Neither true nor false,I don't know,Neither true nor false,Probably true,,,,,,Satisfied,Very satisfied,Slightly,Satisfied,Satisfied,Yes,I wasn't clear what the point was......was I supposed to make the best guess about a topic/solution or just try different approaches?
cf5a1ed5-6c5b-f111-8fcb-0022486d65a5,TREATMENT_T,1207,Advanced knowledge,Advanced knowledge,Agree,Agree,Agree,Neutral,Disagree,Disagree,Agree,Agree,Agree,Probably true,Probably false,Neither true nor false,Probably true,Probably true,,,,,,,,,,,,,,,,13.331,13.331,647.631,Advanced knowledge,Advanced knowledge,Agree,Neutral,Neutral,Neutral,Neutral,Neutral,Agree,Agree,Agree,I have learned AI and know enough,Probably true,Neither true nor false,Neither true nor false,Neither true nor false,Neither true nor false,,,,,,,,,,,,,,,,Satisfied,Satisfied,Moderately,Satisfied,Satisfied,Yes,
d95b1ed5-6c5b-f111-8fcb-0022486d65a5,TREATMENT_T,1176,Advanced knowledge,Advanced knowledge,Neutral,Neutral,Neutral,Neutral,Neutral,Neutral,Agree,Agree,Agree,Probably true,Neither true nor false,Neither true nor false,Neither true nor false,Neither true nor false,,,,,,,,,,,,,,,,10.187,10.187,736.608,Advanced knowledge,Advanced knowledge,Agree,Agree,Agree,Agree,Disagree,Disagree,Agree,Agree,Agree,I am already learning AI,Probably true,Probably true,Probably true,Probably true,Probably true,,,,,,,,,,,,,,,,Satisfied,Satisfied,Very,Satisfied,Satisfied,No,
164ca068-6c5b-f111-8fcb-0022486d65a5,TREATMENT_T,2010,Advanced knowledge,Advanced knowledge,Disagree,Agree,Neutral,Neutral,Disagree,Disagree,Strongly Agree,Strongly Agree,Strongly Agree,Definitely true,Probably true,Definitely true,Definitely true,Probably true,,,,,,,,,,,,,,,,18.121,34.419,899.987,Advanced knowledge,Advanced knowledge,Agree,Agree,Disagree,Agree,Disagree,Disagree,Strongly Agree,Strongly Agree,Strongly Agree,I am already learning AI,Probably true,Definitely true,Probably true,Definitely true,Probably true,,,,,,,,,,,,,,,,Satisfied,Very satisfied,Not at all,Very satisfied,Satisfied,Yes,NONE
aa4aa068-6c5b-f111-8fcb-0022486d65a5,TREATMENT_T,381,Intermediate knowledge,Intermediate knowledge,Strongly disagree,Strongly disagree,I don't know,Agree,Strongly Agree,Strongly Agree,Strongly disagree,Strongly disagree,Strongly disagree,Definitely false,Definitely true,Definitely false,Definitely false,Definitely false,,,,,,,,,,,,,,,,3.881,26.438,164.815,Basic knowledge,Intermediate knowledge,Strongly disagree,Strongly Agree,Strongly Agree,Strongly Agree,Strongly Agree,Strongly Agree,Strongly disagree,Strongly disagree,Strongly disagree,I am not interested in learning AI,Definitely false,Definitely true,Definitely false,Definitely false,Definitely false,,,,,,,,,,,,,,,,Satisfied,Very satisfied,Slightly,Very satisfied,Very satisfied,No,was very busy
5e49a068-6c5b-f111-8fcb-0022486d65a5,TREATMENT_T,315,Advanced knowledge,Advanced knowledge,Disagree,Strongly Agree,Strongly Agree,Agree,Neutral,Neutral,Strongly Agree,Agree,Strongly Agree,Probably true,Probably true,Neither true nor false,Probably false,Definitely false,,,,,,,,,,,,,,,,18.541,29.746,166.364,Advanced knowledge,Advanced knowledge,Disagree,Neutral,Strongly Agree,Strongly Agree,Agree,Agree,Agree,Agree,Agree,within this week,Neither true nor false,Probably true,Neither true nor false,Neither true nor false,Probably false,,,,,,,,,,,,,,,,Neutral,Neutral,Slightly,Neutral,Neutral,Yes,
c2d327db-6c5b-f111-8fcb-0022486d65a5,TREATMENT_T,551,Advanced knowledge,Advanced knowledge,Agree,Neutral,Agree,Neutral,Disagree,Strongly disagree,Strongly Agree,Strongly Agree,Strongly Agree,Probably true,Definitely true,Probably true,Definitely true,Probably true,,,,,,,,,,,,,,,,7.069,28.037,266.494,Expert knowledge,Expert knowledge,Disagree,Neutral,Agree,Agree,Agree,Strongly disagree,Strongly Agree,Strongly Agree,Strongly Agree,I am already learning AI,Probably false,Definitely true,Probably false,Probably true,Probably false,,,,,,,,,,,,,,,,Very satisfied,Very satisfied,Not at all,Very satisfied,Very satisfied,No,
8d5f0bc3-fe5d-f111-8fcb-0022486d65a5,TREATMENT_T,557,Basic knowledge,Basic knowledge,I don't know,Strongly Agree,I don't know,I don't know,I don't know,I don't know,Neutral,Neutral,Disagree,I don't know,I don't know,I don't know,I don't know,I don't know,,,,,,,,,,,,,,,,9.059,78.43,182.017,Little to no knowledge,Little to no knowledge,I don't know,I don't know,I don't know,I don't know,I don't know,I don't know,Neutral,Neutral,Neutral,I am not interested in learning AI,I don't know,I don't know,I don't know,I don't know,I don't know,,,,,,,,,,,,,,,,Neutral,Neutral,Extremely,Neutral,Neutral,No,do not trust
ce320cb7-fe5d-f111-8fcb-0022486d65a5,TREATMENT_T,1435,Advanced knowledge,Advanced knowledge,Disagree,Strongly Agree,Strongly Agree,I don't know,Agree,Disagree,Agree,Agree,Agree,Probably false,Neither true nor false,Probably false,Probably false,Neither true nor false,,,,,,,,,,,,,,,,22.283,23.772,307.401,Advanced knowledge,Advanced knowledge,Disagree,Strongly Agree,Strongly Agree,Agree,Agree,Disagree,Agree,Agree,Agree,within this week,Probably false,Probably true,Probably false,Probably false,Probably false,,,,,,,,,,,,,,,,Very satisfied,Very satisfied,Not at all,Satisfied,Satisfied,Yes,I felt anxious with the idea of potential AI incidents. Maybe add some information or disclamer regarding how to properly deal with anxiety in context to AI.
5a4b13bd-fe5d-f111-8fcb-0022486d65a5,TREATMENT_T,1218,Intermediate knowledge,Intermediate knowledge,Disagree,Agree,Agree,Agree,Strongly Agree,Disagree,Agree,Agree,Agree,Probably true,Definitely true,Probably false,Probably false,Definitely false,,,,,,,,,,,,,,,,11.315,184.208,184.711,Intermediate knowledge,Intermediate knowledge,Agree,Agree,Agree,Agree,Agree,Agree,Agree,Agree,Agree,within the next few months,Probably true,Probably true,Probably true,Probably false,Definitely false,,,,,,,,,,,,,,,,Satisfied,Satisfied,Slightly,Satisfied,Satisfied,Yes,
425f0bc3-fe5d-f111-8fcb-0022486d65a5,TREATMENT_T,848,Basic knowledge,Basic knowledge,Strongly disagree,Strongly Agree,Strongly Agree,I don't know,I don't know,Strongly disagree,Disagree,Neutral,Neutral,I don't know,Definitely true,I don't know,Probably false,Definitely false,,,,,,,,,,,,,,,,18.173,21.126,413.667,Intermediate knowledge,Intermediate knowledge,Strongly disagree,Strongly Agree,Strongly Agree,Strongly Agree,Agree,I don't know,Agree,Agree,Agree,within this month,Neither true nor false,Definitely true,Probably false,Probably false,Probably false,,,,,,,,,,,,,,,,Very satisfied,Very satisfied,Slightly,Satisfied,Satisfied,No,
d55e0bc3-fe5d-f111-8fcb-0022486d65a5,TREATMENT_T,801,Advanced knowledge,Advanced knowledge,Disagree,Strongly Agree,Agree,Agree,Agree,Neutral,Strongly disagree,Agree,Strongly disagree,Definitely false,Definitely true,Definitely false,Definitely false,Definitely false,,,,,,,,,,,,,,,,9.738,283.054,283.661,Intermediate knowledge,Advanced knowledge,Strongly disagree,Strongly Agree,Strongly Agree,Strongly Agree,Neutral,Disagree,Disagree,Agree,Disagree,I am not interested in learning AI,Definitely false,Definitely true,Definitely false,Definitely false,Definitely false,,,,,,,,,,,,,,,,Satisfied,Neutral,Slightly,Neutral,Neutral,No,
2a1e4d10-ff5d-f111-8fcb-0022486d65a5,TREATMENT_T,943,Basic knowledge,Basic knowledge,Disagree,Agree,Strongly Agree,I don't know,I don't know,Neutral,Agree,Agree,Neutral,Probably true,Probably true,Definitely false,Probably true,Probably true,,,,,,,,,,,,,,,,15.649,15.649,435.683,Basic knowledge,Basic knowledge,Disagree,Strongly Agree,Strongly Agree,Strongly Agree,Agree,Neutral,Agree,Agree,Agree,within the next few months,Probably false,Definitely true,Probably false,Probably false,Probably false,,,,,,,,,,,,,,,,Satisfied,Very satisfied,Not at all,Satisfied,Satisfied,No,"Great content - I feel some of my misgivings have been given a voice that I can learn from. Understanding how AI gets its ""information"" is very educational and something I can work with when I run into it."
9a31f7bb-c55e-f111-8fcb-0022486d65a5,TREATMENT_T,643,Advanced knowledge,Advanced knowledge,Agree,Neutral,Agree,Strongly Agree,Strongly Agree,Agree,Neutral,Neutral,Neutral,Probably true,Probably true,Probably true,Probably true,Neither true nor false,,,,,,,,,,,,,,,,19.314,19.314,176.747,Intermediate knowledge,Advanced knowledge,Agree,Strongly Agree,Agree,Neutral,Agree,Strongly Agree,Agree,Neutral,Agree,within the next few months,Probably true,Neither true nor false,Definitely true,Definitely true,Probably true,,,,,,,,,,,,,,,,Neutral,Neutral,Moderately,Neutral,Dissatisfied,Yes,none
e33219cf-6c5b-f111-8fcb-0022486d65a5,TREATMENT_T,1050,Basic knowledge,Basic knowledge,Disagree,Agree,Agree,Agree,Agree,Disagree,Neutral,Agree,Neutral,I don't know,Definitely true,Probably true,Neither true nor false,Neither true nor false,,,,,,,,,,,,,,,,6.066,6.066,485.955,Intermediate knowledge,Intermediate knowledge,Neutral,Agree,Agree,Agree,Agree,I don't know,Agree,Agree,Agree,within the next few months,Probably true,Definitely true,Neither true nor false,Probably true,Neither true nor false,,,,,,,,,,,,,,,,Satisfied,Very satisfied,Not at all,Very satisfied,Satisfied,Yes,"I enjoyed taking this survey, it was informative and re-shaped my perspective on AI."
26870cc2-c55e-f111-8fcb-0022486d65a5,TREATMENT_T,1013,Basic knowledge,Basic knowledge,Neutral,Agree,Agree,Neutral,Agree,Disagree,Agree,Agree,Agree,Probably true,Neither true nor false,Probably true,Definitely true,Probably true,,,,,,,,,,,,,,,,9.166,22.723,615.58,Basic knowledge,Basic knowledge,Neutral,Agree,Agree,Agree,Agree,Disagree,Agree,Agree,Agree,within the year,Probably true,Definitely true,Probably true,Definitely true,Probably false,,,,,,,,,,,,,,,,Satisfied,Very satisfied,Moderately,Very satisfied,Satisfied,Yes,none
4f320cb7-fe5d-f111-8fcb-0022486d65a5,TREATMENT_T,1061,Intermediate knowledge,Intermediate knowledge,Neutral,Agree,Agree,Neutral,Neutral,Disagree,Agree,Agree,Neutral,Probably true,Probably true,Probably false,Probably false,Definitely false,,,,,,,,,,,,,,,,10.869,35.621,608.082,Basic knowledge,Basic knowledge,Disagree,Strongly Agree,Strongly Agree,Strongly Agree,Strongly Agree,Disagree,Strongly Agree,Neutral,Agree,within this month,Probably false,Definitely true,Definitely false,Definitely false,Definitely false,,,,,,,,,,,,,,,,Neutral,Satisfied,Slightly,Neutral,Neutral,No,interesting what I learned about AI and the harm for students 
871e4d10-ff5d-f111-8fcb-0022486d65a5,TREATMENT_T,1075,Little to no knowledge,Little to no knowledge,Strongly disagree,Strongly Agree,Strongly Agree,I don't know,Strongly Agree,Neutral,Neutral,Strongly disagree,Strongly disagree,I don't know,I don't know,I don't know,I don't know,I don't know,,,,,,,,,,,,,,,,11.462,765.88,780.241,Little to no knowledge,Little to no knowledge,Strongly disagree,Strongly Agree,Strongly Agree,Agree,Strongly Agree,I don't know,Disagree,Strongly disagree,Strongly disagree,I am not interested in learning AI,Definitely false,Definitely true,Definitely false,Definitely false,Definitely false,,,,,,,,,,,,,,,,Neutral,Neutral,Extremely,Neutral,Neutral,No,
21cca06e-6c5b-f111-8fcb-0022486d65a5,TREATMENT_T,725,Intermediate knowledge,Basic knowledge,Strongly disagree,Disagree,Neutral,Agree,Agree,Disagree,Agree,Agree,Agree,Probably true,Probably true,Probably false,Definitely true,Probably false,,,,,,,,,,,,,,,,15.49,89.288,176.027,Basic knowledge,Basic knowledge,Disagree,Neutral,Neutral,Neutral,Neutral,Disagree,Agree,Agree,Agree,within this week,Probably false,Probably false,Probably false,Probably false,Neither true nor false,,,,,,,,,,,,,,,,Neutral,Neutral,Slightly,Very dissatisfied,Satisfied,Yes,
d38d9c16-ff5d-f111-8fcb-0022486d65a5,TREATMENT_T,870,Basic knowledge,Basic knowledge,Strongly disagree,Strongly Agree,Agree,Neutral,Neutral,I don't know,Neutral,Neutral,Neutral,Probably false,Probably true,Neither true nor false,Probably true,Probably false,,,,,,,,,,,,,,,,7.524,7.524,438.914,Basic knowledge,Basic knowledge,Strongly disagree,Strongly Agree,Agree,Agree,Neutral,I don't know,Neutral,Neutral,Neutral,within the year,Probably false,Probably true,Probably false,Probably true,Probably false,,,,,,,,,,,,,,,,Neutral,Neutral,Slightly,Satisfied,Neutral,No,It appears to be a forgone conclusion that AI will proceed whether we want it or not..........but I dont feel secure about the lack of governmental controls becasue I dont trust business to do the right thing.
28171e99-4d5f-f111-8fcb-0022486d65a5,TREATMENT_T,1058,Intermediate knowledge,Intermediate knowledge,Strongly Agree,Strongly Agree,Strongly Agree,Disagree,Disagree,Disagree,Agree,Strongly Agree,Strongly Agree,Definitely true,Definitely true,Definitely true,Definitely true,Definitely true,,,,,,,,,,,,,,,,16.616,16.616,670.853,Advanced knowledge,Advanced knowledge,Strongly Agree,Strongly Agree,Strongly Agree,Strongly Agree,Agree,Disagree,Agree,Strongly Agree,Strongly Agree,within this week,Definitely true,Definitely true,Definitely true,Definitely true,Definitely true,,,,,,,,,,,,,,,,Satisfied,Satisfied,Very,Satisfied,Satisfied,Yes,"At the moment, I think AI cannot make a separation between the moral approach and inappropriate situations. This is the problem, especially for young people. "
d97f2193-4d5f-f111-8fcb-0022486d65a5,TREATMENT_T,319,Advanced knowledge,Expert knowledge,Strongly disagree,Strongly Agree,Strongly Agree,Strongly Agree,Strongly Agree,Strongly Agree,Strongly disagree,Agree,Strongly disagree,Definitely false,Definitely true,Definitely false,Definitely false,Definitely false,,,,,,,,,,,,,,,,8.694,10.076,123.101,Advanced knowledge,Expert knowledge,Strongly disagree,Strongly Agree,Strongly Agree,Strongly Agree,Strongly Agree,Strongly Agree,Strongly disagree,Agree,Strongly disagree,I am not interested in learning AI,Definitely false,Definitely true,Definitely false,Definitely false,Definitely false,,,,,,,,,,,,,,,,Dissatisfied,Dissatisfied,Not at all,Dissatisfied,Dissatisfied,No,
334aa068-6c5b-f111-8fcb-0022486d65a5,TREATMENT_T,547,Intermediate knowledge,Advanced knowledge,Disagree,Agree,Strongly Agree,Strongly Agree,Strongly Agree,Neutral,Strongly Agree,Strongly Agree,Strongly Agree,Probably true,Neither true nor false,Probably true,Probably true,Probably false,,,,,,,,,,,,,,,,8.093,12.36,263.369,Advanced knowledge,Advanced knowledge,Strongly disagree,Agree,Strongly Agree,Agree,Strongly Agree,Neutral,Strongly Agree,Strongly Agree,Strongly Agree,within this month,Neither true nor false,Neither true nor false,Probably true,Probably true,Probably false,,,,,,,,,,,,,,,,Satisfied,Satisfied,Moderately,Satisfied,Satisfied,Yes,
18161e99-4d5f-f111-8fcb-0022486d65a5,TREATMENT_T,3039,Advanced knowledge,Intermediate knowledge,Neutral,Neutral,Agree,Agree,Neutral,Neutral,Agree,Agree,Agree,Probably true,Definitely true,Definitely true,Definitely true,Neither true nor false,,,,,,,,,,,,,,,,22.18,47.444,233.032,Intermediate knowledge,Intermediate knowledge,Disagree,Neutral,Agree,Agree,Neutral,Disagree,Agree,Agree,Agree,I am already learning AI,Probably true,Probably true,Probably true,Definitely true,Probably false,,,,,,,,,,,,,,,,Neutral,Neutral,Slightly,Neutral,Neutral,No,
f12feedd-4d5f-f111-8fcb-0022486d65a5,TREATMENT_T,1119,Basic knowledge,Basic knowledge,Neutral,Strongly disagree,Agree,I don't know,Agree,I don't know,Neutral,Neutral,Neutral,Definitely true,Definitely true,I don't know,Definitely true,Probably true,,,,,,,,,,,,,,,,2.225,12.885,585.089,Basic knowledge,Basic knowledge,Disagree,Strongly disagree,Agree,I don't know,Agree,I don't know,Neutral,Neutral,Neutral,within the next few months,Probably true,Definitely true,I don't know,Definitely true,Neither true nor false,,,,,,,,,,,,,,,,Satisfied,Satisfied,Moderately,Neutral,Very dissatisfied,No,
0e320cb7-fe5d-f111-8fcb-0022486d65a5,TREATMENT_T,275,Intermediate knowledge,Intermediate knowledge,Agree,Agree,Agree,Neutral,Agree,Agree,Neutral,Neutral,Neutral,Probably false,Probably true,Neither true nor false,Neither true nor false,Neither true nor false,,,,,,,,,,,,,,,,4.481,129.337,130.234,Intermediate knowledge,Intermediate knowledge,Neutral,Agree,Agree,Agree,Neutral,Agree,Neutral,Neutral,Neutral,I am already learning AI,Neither true nor false,Probably true,Probably true,Probably true,Probably true,,,,,,,,,,,,,,,,Neutral,Neutral,Moderately,Satisfied,Satisfied,Yes,
1a4762e4-4d5f-f111-8fcb-0022486d65a5,TREATMENT_T,657,Basic knowledge,Advanced knowledge,Strongly disagree,Strongly Agree,Strongly Agree,I don't know,I don't know,Strongly disagree,Neutral,Strongly Agree,Neutral,Neither true nor false,Definitely true,Probably false,Probably true,Definitely false,,,,,,,,,,,,,,,,21.764,21.764,145.217,Intermediate knowledge,Advanced knowledge,Strongly disagree,Strongly Agree,Strongly Agree,I don't know,I don't know,Strongly disagree,Agree,Agree,Agree,I am already learning AI,Neither true nor false,Probably true,Neither true nor false,Probably true,Probably false,,,,,,,,,,,,,,,,Neutral,Neutral,Not at all,Neutral,Neutral,No,It was annoying to have me click on a game. And I wondered if it was a scam.
000ac9f4-c55e-f111-8fcb-0022486d65a5,TREATMENT_T,587,Intermediate knowledge,Intermediate knowledge,Disagree,Neutral,Neutral,Disagree,Disagree,Disagree,Agree,Agree,Disagree,Probably true,Definitely true,Probably false,Definitely false,Probably false,,,,,,,,,,,,,,,,3.792,3.792,336.461,Intermediate knowledge,Advanced knowledge,Disagree,Neutral,Agree,Agree,Agree,Disagree,Strongly Agree,Strongly Agree,Neutral,within the year,Probably true,Definitely true,Definitely false,Probably false,Probably false,,,,,,,,,,,,,,,,Satisfied,Very satisfied,Not at all,Satisfied,Satisfied,Yes,none
3f5cd6fa-c55e-f111-8fcb-0022486d65a5,TREATMENT_T,879,Advanced knowledge,Advanced knowledge,Strongly Agree,Strongly Agree,Strongly Agree,Strongly Agree,Strongly Agree,Disagree,Agree,Neutral,Neutral,Definitely true,Definitely true,Definitely true,Definitely true,Definitely false,,,,,,,,,,,,,,,,4.105,5.231,224.462,Expert knowledge,Expert knowledge,Strongly Agree,Strongly Agree,Strongly Agree,Strongly disagree,Strongly disagree,Strongly disagree,Agree,Strongly Agree,Strongly Agree,within the year,Definitely true,Neither true nor false,Neither true nor false,Definitely true,Definitely true,,,,,,,,,,,,,,,,Very satisfied,Very satisfied,Extremely,Very satisfied,Very satisfied,Yes,"No discomforts at all, its awarness and good way of learning of how AI can be used by kids to cheat rather than learn"
6b1324a5-4d5f-f111-8fcb-0022486d65a5,TREATMENT_T,1318,Basic knowledge,Basic knowledge,Disagree,Agree,Neutral,Agree,Agree,Neutral,Agree,Agree,Agree,Probably true,Definitely true,Probably true,Neither true nor false,Probably false,,,,,,,,,,,,,,,,16.7,16.7,317.504,Intermediate knowledge,Intermediate knowledge,Disagree,Strongly Agree,Neutral,Agree,Agree,Neutral,Agree,Agree,Agree,I am already learning AI,Probably true,Probably true,Neither true nor false,Probably false,Probably false,,,,,,,,,,,,,,,,Dissatisfied,Dissatisfied,Moderately,Dissatisfied,Dissatisfied,No,
491e189f-4d5f-f111-8fcb-0022486d65a5,TREATMENT_T,660,Basic knowledge,Basic knowledge,Agree,Agree,Strongly Agree,Agree,Strongly Agree,Disagree,Agree,Strongly Agree,Agree,Probably true,Definitely true,Probably true,Probably true,Definitely true,,,,,,,,,,,,,,,,25.846,25.846,413.709,Intermediate knowledge,Basic knowledge,Agree,Neutral,Strongly Agree,Agree,Agree,Disagree,Agree,Strongly Agree,Agree,within the next few months,Probably true,Neither true nor false,Probably true,Definitely true,Definitely true,,,,,,,,,,,,,,,,Satisfied,Satisfied,Very,Satisfied,Very satisfied,Yes,No. I don't have any concerns
383219cf-6c5b-f111-8fcb-0022486d65a5,VIDEO,2759,Basic knowledge,Basic knowledge,Strongly disagree,Strongly Agree,Agree,Strongly Agree,Strongly Agree,Strongly Agree,Strongly disagree,Strongly disagree,Strongly disagree,,,,,,,,,,,,,,,,Definitely false,Definitely false,Definitely false,Definitely false,Definitely false,0,0,129.186,Basic knowledge,Basic knowledge,Strongly disagree,Strongly Agree,Agree,Strongly Agree,Strongly Agree,Strongly Agree,Strongly disagree,Strongly disagree,Strongly disagree,I am not interested in learning AI,,,,,,,,,,,,,,,,Definitely false,Definitely false,Definitely false,Definitely false,Definitely false,Very dissatisfied,Very dissatisfied,Moderately,,,No,None to report.
84d327db-6c5b-f111-8fcb-0022486d65a5,VIDEO,1421,Little to no knowledge,Little to no knowledge,Strongly disagree,Strongly Agree,Strongly Agree,Strongly Agree,Strongly Agree,Strongly Agree,Strongly disagree,Strongly disagree,Strongly disagree,,,,,,,,,,,,,,,,Neither true nor false,Neither true nor false,Neither true nor false,Neither true nor false,Neither true nor false,24.893,24.893,362.249,Basic knowledge,Basic knowledge,Strongly disagree,Strongly Agree,Strongly Agree,Agree,Agree,Agree,Strongly disagree,Strongly disagree,Strongly disagree,I am not interested in learning AI,,,,,,,,,,,,,,,,Neither true nor false,Definitely false,Neither true nor false,Definitely false,Definitely false,Neutral,Neutral,Slightly,,,No,
084ca068-6c5b-f111-8fcb-0022486d65a5,VIDEO,526,Little to no knowledge,Little to no knowledge,Disagree,Agree,Strongly disagree,Neutral,Agree,Strongly disagree,Agree,Agree,Agree,,,,,,,,,,,,,,,,Probably true,Probably true,Neither true nor false,Probably false,Probably false,4.74,4.74,227.526,Little to no knowledge,Little to no knowledge,Disagree,Agree,Disagree,Disagree,Neutral,Strongly disagree,Agree,Agree,Agree,within the next few months,,,,,,,,,,,,,,,,Probably true,Probably true,Probably true,Neither true nor false,Probably false,Satisfied,Satisfied,Slightly,,,Yes,
e5cca06e-6c5b-f111-8fcb-0022486d65a5,VIDEO,649,Basic knowledge,Basic knowledge,Neutral,Agree,Strongly Agree,Agree,Agree,I don't know,Neutral,Agree,Agree,,,,,,,,,,,,,,,,Neither true nor false,Neither true nor false,Probably true,Probably true,Neither true nor false,19.763,19.763,335.101,Basic knowledge,Basic knowledge,Neutral,Agree,Strongly Agree,Agree,Agree,I don't know,Neutral,Agree,Agree,within the year,,,,,,,,,,,,,,,,Neither true nor false,Neither true nor false,Probably true,Probably true,Neither true nor false,Satisfied,Neutral,Not at all,,,No,
03cda06e-6c5b-f111-8fcb-0022486d65a5,VIDEO,803,Basic knowledge,Basic knowledge,Neutral,Neutral,Neutral,Neutral,Neutral,Neutral,Neutral,Neutral,Neutral,,,,,,,,,,,,,,,,Probably true,Neither true nor false,Probably true,Probably true,Neither true nor false,13.131,13.131,170.829,Basic knowledge,Basic knowledge,Neutral,Disagree,Disagree,Disagree,Disagree,Strongly disagree,Agree,Agree,Agree,within the year,,,,,,,,,,,,,,,,Definitely true,Probably true,Definitely true,Definitely true,Probably true,Very satisfied,Very satisfied,Not at all,,,Yes,
b23119cf-6c5b-f111-8fcb-0022486d65a5,VIDEO,639,Little to no knowledge,Little to no knowledge,Disagree,Neutral,Agree,Neutral,Agree,Strongly disagree,Strongly Agree,Strongly Agree,Strongly Agree,,,,,,,,,,,,,,,,Neither true nor false,Probably false,Probably true,Definitely true,Probably false,14.61,14.61,322.063,Little to no knowledge,Little to no knowledge,Disagree,Neutral,Agree,Neutral,Agree,Strongly disagree,Strongly Agree,Strongly Agree,Strongly Agree,within the year,,,,,,,,,,,,,,,,Neither true nor false,Probably false,Neither true nor false,Definitely true,Probably false,Satisfied,Satisfied,Slightly,,,No,
e58d9c16-ff5d-f111-8fcb-0022486d65a5,VIDEO,668,Basic knowledge,Basic knowledge,Strongly disagree,Strongly Agree,Strongly Agree,Strongly Agree,Strongly Agree,Strongly Agree,Strongly disagree,Strongly disagree,Strongly disagree,,,,,,,,,,,,,,,,Definitely false,Definitely false,Definitely false,Definitely false,Definitely false,9.027,9.027,398.581,Basic knowledge,Basic knowledge,Strongly disagree,Strongly Agree,Strongly Agree,Strongly Agree,Strongly Agree,Strongly Agree,Strongly disagree,Strongly disagree,Strongly disagree,I am not interested in learning AI,,,,,,,,,,,,,,,,Definitely false,Definitely false,Definitely false,Definitely false,Definitely false,Neutral,Neutral,Slightly,,,No,
b4310cb7-fe5d-f111-8fcb-0022486d65a5,VIDEO,2007,Advanced knowledge,Intermediate knowledge,I don't know,Agree,Agree,Neutral,I don't know,I don't know,Agree,Agree,Agree,,,,,,,,,,,,,,,,Probably true,I don't know,Probably true,Probably true,Neither true nor false,7.452,7.452,132.584,Advanced knowledge,Basic knowledge,I don't know,Agree,Neutral,Agree,Neutral,I don't know,Agree,Agree,Agree,within this month,,,,,,,,,,,,,,,,Probably true,I don't know,Definitely true,Definitely true,Neither true nor false,Satisfied,Very satisfied,Not at all,,,No,
ed5b1ed5-6c5b-f111-8fcb-0022486d65a5,VIDEO,869,Basic knowledge,Basic knowledge,Neutral,Neutral,Strongly Agree,Disagree,Disagree,Disagree,Agree,Agree,Strongly Agree,,,,,,,,,,,,,,,,Definitely true,Probably true,Probably true,Definitely true,Neither true nor false,12.924,12.924,378.116,Expert knowledge,Expert knowledge,Strongly Agree,Disagree,Disagree,Disagree,Strongly disagree,Strongly disagree,Strongly Agree,Strongly Agree,Strongly Agree,I am already learning AI,,,,,,,,,,,,,,,,Definitely true,Definitely true,Definitely true,Definitely true,Definitely true,Very satisfied,Very satisfied,Extremely,,,No,no but i am so glad to know more about AI
784a13bd-fe5d-f111-8fcb-0022486d65a5,VIDEO,294,Intermediate knowledge,Advanced knowledge,Strongly Agree,Agree,Neutral,Strongly Agree,Agree,Neutral,Neutral,Neutral,Neutral,,,,,,,,,,,,,,,,Probably true,Neither true nor false,Probably true,Neither true nor false,Probably true,1.505,120.775,121.633,Basic knowledge,Intermediate knowledge,Agree,Agree,Neutral,Strongly Agree,Agree,Strongly Agree,Neutral,Disagree,Neutral,within the year,,,,,,,,,,,,,,,,Definitely true,Probably true,Neither true nor false,Probably true,Neither true nor false,Neutral,Neutral,Moderately,,,No,None
693319cf-6c5b-f111-8fcb-0022486d65a5,VIDEO,636,Basic knowledge,Basic knowledge,Strongly disagree,Strongly Agree,Strongly Agree,I don't know,Strongly Agree,Disagree,Disagree,Agree,Disagree,,,,,,,,,,,,,,,,Probably true,Probably false,I don't know,Probably true,Probably false,0,0,261.261,Basic knowledge,Basic knowledge,Strongly disagree,Strongly Agree,Strongly Agree,I don't know,I don't know,Disagree,Disagree,Agree,Disagree,I am not interested in learning AI,,,,,,,,,,,,,,,,Probably true,Probably false,I don't know,Probably true,Probably false,Neutral,Neutral,Not at all,,,No,
5c870cc2-c55e-f111-8fcb-0022486d65a5,VIDEO,847,Basic knowledge,Basic knowledge,Strongly disagree,Agree,Agree,I don't know,Agree,Neutral,Agree,Agree,Agree,,,,,,,,,,,,,,,,Neither true nor false,Probably false,Neither true nor false,Neither true nor false,Probably false,8.308,8.308,329.693,Basic knowledge,Basic knowledge,Disagree,Strongly Agree,Agree,Agree,Agree,Neutral,Agree,Agree,Agree,I am already learning AI,,,,,,,,,,,,,,,,Probably false,Probably false,Probably false,Neither true nor false,Probably false,Satisfied,Satisfied,Slightly,,,No,
53870cc2-c55e-f111-8fcb-0022486d65a5,VIDEO,1243,Basic knowledge,Basic knowledge,Strongly disagree,Neutral,Neutral,Neutral,Neutral,Neutral,Neutral,Neutral,Neutral,,,,,,,,,,,,,,,,Definitely false,Probably false,Probably false,Definitely false,Definitely false,6.802,6.802,695.348,Little to no knowledge,Little to no knowledge,Strongly disagree,Neutral,Neutral,Neutral,Neutral,I don't know,Neutral,Neutral,Neutral,I have learned AI and know enough,,,,,,,,,,,,,,,,Definitely false,Definitely false,Definitely false,Definitely false,Neither true nor false,Neutral,Neutral,Not at all,,,No,none
945e0bc3-fe5d-f111-8fcb-0022486d65a5,VIDEO,638,Intermediate knowledge,Intermediate knowledge,Disagree,Strongly disagree,Neutral,Neutral,Neutral,Strongly disagree,Agree,Neutral,Agree,,,,,,,,,,,,,,,,Neither true nor false,Neither true nor false,Neither true nor false,Neither true nor false,Neither true nor false,8.38,8.38,327.805,Basic knowledge,Basic knowledge,Disagree,Strongly disagree,Neutral,Neutral,Neutral,Disagree,Agree,Neutral,Agree,within this week,,,,,,,,,,,,,,,,Probably true,Probably false,Probably false,Neither true nor false,Neither true nor false,Dissatisfied,Neutral,Very,,,No,too much info.
fc1d4d10-ff5d-f111-8fcb-0022486d65a5,VIDEO,547,Basic knowledge,Basic knowledge,Disagree,Agree,Strongly disagree,Neutral,Neutral,Agree,Agree,Agree,Agree,,,,,,,,,,,,,,,,Probably true,Probably false,Probably true,Probably true,Probably true,2.983,2.983,336.802,Intermediate knowledge,Intermediate knowledge,Disagree,Agree,Strongly disagree,Neutral,Neutral,Agree,Agree,Agree,Agree,I have learned AI and know enough,,,,,,,,,,,,,,,,Definitely false,Probably false,Probably false,Definitely true,Probably true,Dissatisfied,Satisfied,Not at all,,,No,an option to speed up the video--I process very quickly
32364c0a-ff5d-f111-8fcb-0022486d65a5,VIDEO,536,Basic knowledge,Basic knowledge,Strongly disagree,Strongly Agree,Strongly Agree,I don't know,Strongly Agree,Disagree,Neutral,Neutral,Neutral,,,,,,,,,,,,,,,,Neither true nor false,Neither true nor false,Neither true nor false,Neither true nor false,Neither true nor false,3.081,3.081,315.203,Basic knowledge,Basic knowledge,Strongly disagree,Strongly Agree,Strongly Agree,I don't know,Strongly Agree,Neutral,Neutral,Neutral,Neutral,I am not interested in learning AI,,,,,,,,,,,,,,,,Neither true nor false,Neither true nor false,Neither true nor false,Neither true nor false,Neither true nor false,Neutral,Neutral,Moderately,,,No,
b1521b8d-4d5f-f111-8fcb-0022486d65a5,VIDEO,886,Intermediate knowledge,Intermediate knowledge,Strongly disagree,Agree,Agree,I don't know,I don't know,Strongly disagree,Strongly Agree,Neutral,Neutral,,,,,,,,,,,,,,,,Probably false,Definitely false,Probably false,Definitely false,Definitely false,7.657,7.657,313.614,Basic knowledge,Intermediate knowledge,Strongly disagree,Agree,Agree,I don't know,Agree,Disagree,Strongly Agree,Agree,Neutral,within the year,,,,,,,,,,,,,,,,Probably false,Definitely false,Probably false,Neither true nor false,Definitely false,Satisfied,Very satisfied,Moderately,,,Yes,
044762e4-4d5f-f111-8fcb-0022486d65a5,VIDEO,1175,Basic knowledge,Basic knowledge,Disagree,Agree,Strongly Agree,Neutral,Neutral,Disagree,Neutral,Neutral,Neutral,,,,,,,,,,,,,,,,Probably true,Neither true nor false,Probably true,Neither true nor false,Probably false,5.977,5.977,350.189,Basic knowledge,Basic knowledge,Disagree,Agree,Strongly Agree,Neutral,Neutral,Strongly disagree,Neutral,Neutral,Neutral,I am not interested in learning AI,,,,,,,,,,,,,,,,Probably true,Probably false,Neither true nor false,Probably false,Probably false,Neutral,Satisfied,Not at all,,,No,
361e189f-4d5f-f111-8fcb-0022486d65a5,VIDEO,536,Intermediate knowledge,Intermediate knowledge,Neutral,Neutral,Neutral,Agree,Neutral,Neutral,Strongly Agree,Agree,Agree,,,,,,,,,,,,,,,,Probably true,Neither true nor false,Probably true,Probably true,Probably true,5.078,5.078,357.222,Intermediate knowledge,Intermediate knowledge,Neutral,Agree,Neutral,Agree,Agree,Neutral,Strongly Agree,Agree,Agree,within this week,,,,,,,,,,,,,,,,Probably true,Probably true,Probably true,Probably true,Probably true,Satisfied,Satisfied,Not at all,,,No,none
271f189f-4d5f-f111-8fcb-0022486d65a5,VIDEO,614,Basic knowledge,Basic knowledge,Disagree,Agree,Agree,Agree,Agree,Neutral,Agree,Agree,Agree,,,,,,,,,,,,,,,,Probably false,Neither true nor false,Probably true,Probably true,Probably false,3.792,3.792,307.207,Basic knowledge,Basic knowledge,Disagree,Disagree,Agree,Agree,Agree,Neutral,Agree,Agree,Agree,within this month,,,,,,,,,,,,,,,,Probably false,Probably false,Probably true,Probably true,Probably false,Satisfied,Satisfied,Not at all,,,No,
144862e4-4d5f-f111-8fcb-0022486d65a5,VIDEO,633,Basic knowledge,Basic knowledge,Strongly disagree,Strongly Agree,Strongly Agree,Strongly Agree,Strongly Agree,Strongly Agree,Strongly disagree,Strongly disagree,Strongly disagree,,,,,,,,,,,,,,,,Definitely false,Definitely false,Definitely false,Definitely false,Definitely false,4.235,4.235,313.485,Basic knowledge,Advanced knowledge,Strongly disagree,Strongly Agree,Strongly Agree,Strongly Agree,Strongly Agree,Strongly Agree,Strongly disagree,Agree,Strongly disagree,I am not interested in learning AI,,,,,,,,,,,,,,,,Definitely false,Definitely false,Definitely false,Definitely false,Definitely false,Very dissatisfied,Very dissatisfied,Very,,,No,It seems to participate in pushing the user to accept AI
1f181e99-4d5f-f111-8fcb-0022486d65a5,VIDEO,792,Little to no knowledge,Basic knowledge,Strongly disagree,Disagree,Neutral,Disagree,Neutral,Strongly disagree,Neutral,Agree,Agree,,,,,,,,,,,,,,,,Probably true,Neither true nor false,Neither true nor false,Probably true,Neither true nor false,4.499,4.499,322.97,Little to no knowledge,Basic knowledge,Strongly disagree,Neutral,Neutral,Disagree,Neutral,Strongly disagree,Agree,Agree,Agree,within the next few months,,,,,,,,,,,,,,,,Probably true,Neither true nor false,Neither true nor false,Probably true,Neither true nor false,Satisfied,Very satisfied,Slightly,,,Yes,
bf4862e4-4d5f-f111-8fcb-0022486d65a5,VIDEO,1581,Basic knowledge,Basic knowledge,Disagree,Agree,Strongly Agree,Strongly Agree,Agree,I don't know,Agree,Agree,Agree,,,,,,,,,,,,,,,,Probably true,Probably true,Probably true,Probably true,Probably false,5.446,5.446,357.085,Little to no knowledge,Basic knowledge,Disagree,Agree,Agree,Agree,Neutral,I don't know,Agree,Agree,Agree,within the year,,,,,,,,,,,,,,,,Probably true,Probably true,Probably true,Probably true,Neither true nor false,Satisfied,Satisfied,Not at all,,,No,
7e1f189f-4d5f-f111-8fcb-0022486d65a5,VIDEO,881,Advanced knowledge,Advanced knowledge,Agree,Strongly disagree,Strongly disagree,I don't know,Disagree,Strongly disagree,Strongly Agree,Strongly Agree,Strongly Agree,,,,,,,,,,,,,,,,Probably true,Neither true nor false,Probably true,Probably true,Probably false,5.909,5.909,491.499,Intermediate knowledge,Intermediate knowledge,Neutral,Strongly disagree,Strongly disagree,I don't know,Disagree,Strongly disagree,Strongly Agree,Strongly Agree,Strongly Agree,I am already learning AI,,,,,,,,,,,,,,,,Probably true,Probably true,Probably true,Probably true,Probably false,Very satisfied,Very satisfied,Not at all,,,No,Great video
3863a7ea-4d5f-f111-8fcb-0022486d65a5,VIDEO,433,Intermediate knowledge,Intermediate knowledge,Neutral,Neutral,Agree,Agree,Neutral,Neutral,Agree,Agree,Agree,,,,,,,,,,,,,,,,Neither true nor false,Neither true nor false,Neither true nor false,Probably true,Neither true nor false,7.506,120.653,123.292,Basic knowledge,Intermediate knowledge,Disagree,Agree,Agree,Agree,I don't know,I don't know,Agree,Agree,Agree,within the year,,,,,,,,,,,,,,,,Neither true nor false,Probably true,Probably true,Probably true,Neither true nor false,Neutral,Satisfied,Moderately,,,No,
601f189f-4d5f-f111-8fcb-0022486d65a5,VIDEO,699,Basic knowledge,Basic knowledge,Disagree,Agree,Strongly disagree,Agree,Neutral,Neutral,Disagree,Agree,Disagree,,,,,,,,,,,,,,,,Probably false,Probably false,I don't know,I don't know,Definitely false,13.253,13.253,339.086,Basic knowledge,Basic knowledge,Disagree,Agree,Strongly Agree,I don't know,Neutral,Neutral,Neutral,Agree,Disagree,I am not interested in learning AI,,,,,,,,,,,,,,,,Probably false,Probably false,I don't know,Neither true nor false,Probably false,Satisfied,Satisfied,Moderately,,,No,
6e171e99-4d5f-f111-8fcb-0022486d65a5,VIDEO,1330,Intermediate knowledge,Intermediate knowledge,Disagree,Neutral,Agree,I don't know,Neutral,Disagree,Agree,Agree,Agree,,,,,,,,,,,,,,,,Probably true,Probably true,Probably true,Probably true,Probably false,9.302,9.302,305.629,Intermediate knowledge,Intermediate knowledge,Disagree,Disagree,Agree,I don't know,Neutral,Disagree,Agree,Agree,Agree,within the next few months,,,,,,,,,,,,,,,,Probably true,Probably true,Probably true,Neither true nor false,Neither true nor false,Neutral,Satisfied,Moderately,,,No,
7bcca06e-6c5b-f111-8fcb-0022486d65a5,VIDEO,1629,Intermediate knowledge,Intermediate knowledge,Agree,Agree,Disagree,Disagree,Neutral,Disagree,Agree,Agree,Agree,,,,,,,,,,,,,,,,Neither true nor false,Probably true,Probably true,Probably true,Probably true,52.523,52.523,389.967,Basic knowledge,Basic knowledge,Agree,Agree,Strongly Agree,Agree,Neutral,Disagree,Agree,Agree,Agree,I am already learning AI,,,,,,,,,,,,,,,,Neither true nor false,Probably true,Probably true,Neither true nor false,Probably true,Satisfied,Very satisfied,Moderately,,,Yes,There is a lot about A! that needs learning is for sure. It is useful info to learn about it
3f161e99-4d5f-f111-8fcb-0022486d65a5,VIDEO,715,Intermediate knowledge,Intermediate knowledge,Neutral,Neutral,Neutral,Neutral,Neutral,Neutral,Neutral,Neutral,Neutral,,,,,,,,,,,,,,,,Neither true nor false,Neither true nor false,Neither true nor false,Neither true nor false,Neither true nor false,19.367,19.367,610.258,Intermediate knowledge,Intermediate knowledge,Neutral,Neutral,Neutral,Neutral,Neutral,Neutral,Neutral,Neutral,Neutral,within the next few months,,,,,,,,,,,,,,,,Neither true nor false,Neither true nor false,Neither true nor false,Neither true nor false,Neither true nor false,Neutral,Neutral,Moderately,,,No,
1d1e189f-4d5f-f111-8fcb-0022486d65a5,VIDEO,1046,Advanced knowledge,Advanced knowledge,Neutral,Neutral,Disagree,Disagree,Disagree,Disagree,Agree,Strongly Agree,Strongly Agree,,,,,,,,,,,,,,,,Probably true,Neither true nor false,Neither true nor false,Probably true,Probably true,10.443,10.443,570.722,Advanced knowledge,Advanced knowledge,Neutral,Disagree,Disagree,Disagree,Disagree,Disagree,Agree,Agree,Agree,within this week,,,,,,,,,,,,,,,,Neither true nor false,Probably true,Neither true nor false,Probably true,Neither true nor false,Satisfied,Very satisfied,Not at all,,,Yes,